member_id,renewal_probability,risk_level
M000001,58.1,Medium Risk
M000002,55.1,Medium Risk
M000003,49.8,Medium Risk
M000004,45.6,Medium Risk
M000005,47.9,Medium Risk
M000006,42.6,Medium Risk
M000007,57.1,Medium Risk
M000008,59.9,Medium Risk
M000009,57.5,Medium Risk
M000010,66.1,Medium Risk
M000011,49.6,Medium Risk
M000012,60.0,Medium Risk
M000013,46.1,Medium Risk
M000014,48.2,Medium Risk
M000015,39.9,High Risk
M000016,52.8,Medium Risk
M000017,53.2,Medium Risk
M000018,55.1,Medium Risk
M000019,46.1,Medium Risk
M000020,41.5,Medium Risk
M000021,44.9,Medium Risk
M000022,59.8,Medium Risk
M000023,38.7,High Risk
M000024,37.2,High Risk
M000025,47.2,Medium Risk
M000026,43.1,Medium Risk
M000027,49.7,Medium Risk
M000028,48.0,Medium Risk
M000029,59.2,Medium Risk
M000030,43.5,Medium Risk
M000031,44.5,Medium Risk
M000032,55.2,Medium Risk
M000033,44.3,Medium Risk
M000034,54.2,Medium Risk
M000035,56.8,Medium Risk
M000036,35.7,High Risk
M000037,36.9,High Risk
M000038,54.5,Medium Risk
M000039,43.8,Medium Risk
M000040,47.0,Medium Risk
M000041,45.3,Medium Risk
M000042,43.3,Medium Risk
M000043,53.8,Medium Risk
M000044,48.9,Medium Risk
M000045,64.3,Medium Risk
M000046,59.2,Medium Risk
M000047,37.1,High Risk
M000048,42.5,Medium Risk
M000049,57.2,Medium Risk
M000050,45.4,Medium Risk
M000051,46.5,Medium Risk
M000052,37.9,High Risk
M000053,41.2,Medium Risk
M000054,52.2,Medium Risk
M000055,44.5,Medium Risk
M000056,42.1,Medium Risk
M000057,58.8,Medium Risk
M000058,52.2,Medium Risk
M000059,36.2,High Risk
M000060,36.1,High Risk
M000061,41.6,Medium Risk
M000062,43.9,Medium Risk
M000063,40.6,Medium Risk
M000064,42.9,Medium Risk
M000065,39.1,High Risk
M000066,44.6,Medium Risk
M000067,58.5,Medium Risk
M000068,56.9,Medium Risk
M000069,44.7,Medium Risk
M000070,54.6,Medium Risk
M000071,59.4,Medium Risk
M000072,58.2,Medium Risk
M000073,42.8,Medium Risk
M000074,43.2,Medium Risk
M000075,52.6,Medium Risk
M000076,50.2,Medium Risk
M000077,53.9,Medium Risk
M000078,40.3,Medium Risk
M000079,46.5,Medium Risk
M000080,54.3,Medium Risk
M000081,60.2,Medium Risk
M000082,57.7,Medium Risk
M000083,61.0,Medium Risk
M000084,45.9,Medium Risk
M000085,43.2,Medium Risk
M000086,42.3,Medium Risk
M000087,53.9,Medium Risk
M000088,45.9,Medium Risk
M000089,35.0,High Risk
M000090,48.8,Medium Risk
M000091,55.2,Medium Risk
M000092,57.0,Medium Risk
M000093,50.1,Medium Risk
M000094,50.8,Medium Risk
M000095,24.8,High Risk
M000096,43.0,Medium Risk
M000097,49.4,Medium Risk
M000098,55.1,Medium Risk
M000099,48.1,Medium Risk
M000100,52.6,Medium Risk
M000101,52.2,Medium Risk
M000102,58.3,Medium Risk
M000103,38.1,High Risk
M000104,52.9,Medium Risk
M000105,44.5,Medium Risk
M000106,45.1,Medium Risk
M000107,52.7,Medium Risk
M000108,44.0,Medium Risk
M000109,57.3,Medium Risk
M000110,53.1,Medium Risk
M000111,52.0,Medium Risk
M000112,51.5,Medium Risk
M000113,33.8,High Risk
M000114,43.6,Medium Risk
M000115,40.9,Medium Risk
M000116,60.7,Medium Risk
M000117,39.8,High Risk
M000118,35.0,High Risk
M000119,45.5,Medium Risk
M000120,48.8,Medium Risk
M000121,33.5,High Risk
M000122,45.3,Medium Risk
M000123,58.2,Medium Risk
M000124,45.3,Medium Risk
M000125,42.4,Medium Risk
M000126,38.4,High Risk
M000127,54.0,Medium Risk
M000128,58.5,Medium Risk
M000129,46.2,Medium Risk
M000130,59.1,Medium Risk
M000131,34.4,High Risk
M000132,46.2,Medium Risk
M000133,61.2,Medium Risk
M000134,48.9,Medium Risk
M000135,49.2,Medium Risk
M000136,40.2,Medium Risk
M000137,60.7,Medium Risk
M000138,45.4,Medium Risk
M000139,62.2,Medium Risk
M000140,51.6,Medium Risk
M000141,50.5,Medium Risk
M000142,42.3,Medium Risk
M000143,39.2,High Risk
M000144,42.4,Medium Risk
M000145,53.5,Medium Risk
M000146,37.2,High Risk
M000147,44.6,Medium Risk
M000148,40.3,Medium Risk
M000149,58.9,Medium Risk
M000150,48.5,Medium Risk
M000151,38.5,High Risk
M000152,59.2,Medium Risk
M000153,42.6,Medium Risk
M000154,58.6,Medium Risk
M000155,43.5,Medium Risk
M000156,57.1,Medium Risk
M000157,60.2,Medium Risk
M000158,39.0,High Risk
M000159,46.2,Medium Risk
M000160,52.4,Medium Risk
M000161,43.3,Medium Risk
M000162,41.5,Medium Risk
M000163,44.1,Medium Risk
M000164,58.7,Medium Risk
M000165,47.8,Medium Risk
M000166,58.7,Medium Risk
M000167,57.1,Medium Risk
M000168,59.3,Medium Risk
M000169,42.9,Medium Risk
M000170,44.2,Medium Risk
M000171,57.2,Medium Risk
M000172,41.0,Medium Risk
M000173,57.8,Medium Risk
M000174,35.3,High Risk
M000175,43.1,Medium Risk
M000176,43.9,Medium Risk
M000177,40.0,Medium Risk
M000178,40.6,Medium Risk
M000179,60.9,Medium Risk
M000180,59.1,Medium Risk
M000181,46.0,Medium Risk
M000182,58.8,Medium Risk
M000183,46.2,Medium Risk
M000184,48.2,Medium Risk
M000185,58.9,Medium Risk
M000186,45.7,Medium Risk
M000187,44.0,Medium Risk
M000188,55.4,Medium Risk
M000189,42.6,Medium Risk
M000190,45.3,Medium Risk
M000191,42.1,Medium Risk
M000192,45.9,Medium Risk
M000193,58.8,Medium Risk
M000194,43.9,Medium Risk
M000195,36.6,High Risk
M000196,35.2,High Risk
M000197,55.4,Medium Risk
M000198,43.3,Medium Risk
M000199,43.1,Medium Risk
M000200,55.1,Medium Risk
M000201,55.1,Medium Risk
M000202,39.9,High Risk
M000203,50.3,Medium Risk
M000204,49.2,Medium Risk
M000205,66.9,Medium Risk
M000206,52.2,Medium Risk
M000207,62.1,Medium Risk
M000208,53.6,Medium Risk
M000209,47.2,Medium Risk
M000210,40.1,Medium Risk
M000211,47.3,Medium Risk
M000212,45.6,Medium Risk
M000213,57.7,Medium Risk
M000214,40.4,Medium Risk
M000215,45.5,Medium Risk
M000216,49.2,Medium Risk
M000217,39.8,High Risk
M000218,51.8,Medium Risk
M000219,60.2,Medium Risk
M000220,45.9,Medium Risk
M000221,48.7,Medium Risk
M000222,48.6,Medium Risk
M000223,55.8,Medium Risk
M000224,56.0,Medium Risk
M000225,45.1,Medium Risk
M000226,64.2,Medium Risk
M000227,50.8,Medium Risk
M000228,46.4,Medium Risk
M000229,41.4,Medium Risk
M000230,58.9,Medium Risk
M000231,31.4,High Risk
M000232,57.5,Medium Risk
M000233,51.7,Medium Risk
M000234,36.5,High Risk
M000235,45.7,Medium Risk
M000236,49.4,Medium Risk
M000237,42.7,Medium Risk
M000238,45.3,Medium Risk
M000239,40.4,Medium Risk
M000240,63.3,Medium Risk
M000241,41.0,Medium Risk
M000242,42.4,Medium Risk
M000243,44.4,Medium Risk
M000244,58.3,Medium Risk
M000245,51.1,Medium Risk
M000246,43.7,Medium Risk
M000247,52.4,Medium Risk
M000248,48.3,Medium Risk
M000249,65.0,Medium Risk
M000250,45.9,Medium Risk
M000251,44.8,Medium Risk
M000252,64.1,Medium Risk
M000253,46.7,Medium Risk
M000254,44.0,Medium Risk
M000255,51.4,Medium Risk
M000256,60.1,Medium Risk
M000257,49.9,Medium Risk
M000258,61.5,Medium Risk
M000259,52.9,Medium Risk
M000260,39.9,High Risk
M000261,44.0,Medium Risk
M000262,43.1,Medium Risk
M000263,44.5,Medium Risk
M000264,68.9,Medium Risk
M000265,40.7,Medium Risk
M000266,45.0,Medium Risk
M000267,39.8,High Risk
M000268,43.4,Medium Risk
M000269,56.3,Medium Risk
M000270,50.4,Medium Risk
M000271,36.7,High Risk
M000272,46.2,Medium Risk
M000273,42.6,Medium Risk
M000274,58.3,Medium Risk
M000275,50.6,Medium Risk
M000276,28.5,High Risk
M000277,61.9,Medium Risk
M000278,44.1,Medium Risk
M000279,52.3,Medium Risk
M000280,43.9,Medium Risk
M000281,55.0,Medium Risk
M000282,45.4,Medium Risk
M000283,66.3,Medium Risk
M000284,43.9,Medium Risk
M000285,51.4,Medium Risk
M000286,51.6,Medium Risk
M000287,36.3,High Risk
M000288,54.7,Medium Risk
M000289,37.7,High Risk
M000290,47.1,Medium Risk
M000291,57.6,Medium Risk
M000292,37.4,High Risk
M000293,53.9,Medium Risk
M000294,38.8,High Risk
M000295,36.8,High Risk
M000296,42.4,Medium Risk
M000297,55.7,Medium Risk
M000298,50.7,Medium Risk
M000299,43.3,Medium Risk
M000300,51.6,Medium Risk
M000301,42.8,Medium Risk
M000302,44.8,Medium Risk
M000303,44.9,Medium Risk
M000304,43.3,Medium Risk
M000305,56.5,Medium Risk
M000306,47.5,Medium Risk
M000307,42.1,Medium Risk
M000308,61.5,Medium Risk
M000309,56.4,Medium Risk
M000310,52.6,Medium Risk
M000311,57.4,Medium Risk
M000312,39.1,High Risk
M000313,41.4,Medium Risk
M000314,49.2,Medium Risk
M000315,43.0,Medium Risk
M000316,57.1,Medium Risk
M000317,46.4,Medium Risk
M000318,55.5,Medium Risk
M000319,50.5,Medium Risk
M000320,45.3,Medium Risk
M000321,60.1,Medium Risk
M000322,50.2,Medium Risk
M000323,59.2,Medium Risk
M000324,54.2,Medium Risk
M000325,50.0,Medium Risk
M000326,42.5,Medium Risk
M000327,41.0,Medium Risk
M000328,55.7,Medium Risk
M000329,44.0,Medium Risk
M000330,63.8,Medium Risk
M000331,55.9,Medium Risk
M000332,65.4,Medium Risk
M000333,48.8,Medium Risk
M000334,45.8,Medium Risk
M000335,49.5,Medium Risk
M000336,65.1,Medium Risk
M000337,40.6,Medium Risk
M000338,58.1,Medium Risk
M000339,47.2,Medium Risk
M000340,45.9,Medium Risk
M000341,44.8,Medium Risk
M000342,51.8,Medium Risk
M000343,43.4,Medium Risk
M000344,53.0,Medium Risk
M000345,42.3,Medium Risk
M000346,42.8,Medium Risk
M000347,62.7,Medium Risk
M000348,62.4,Medium Risk
M000349,54.7,Medium Risk
M000350,40.3,Medium Risk
M000351,44.1,Medium Risk
M000352,60.4,Medium Risk
M000353,60.7,Medium Risk
M000354,44.6,Medium Risk
M000355,46.1,Medium Risk
M000356,63.1,Medium Risk
M000357,44.8,Medium Risk
M000358,60.4,Medium Risk
M000359,40.3,Medium Risk
M000360,58.5,Medium Risk
M000361,43.4,Medium Risk
M000362,41.4,Medium Risk
M000363,36.0,High Risk
M000364,34.4,High Risk
M000365,66.2,Medium Risk
M000366,46.9,Medium Risk
M000367,34.7,High Risk
M000368,59.1,Medium Risk
M000369,56.4,Medium Risk
M000370,52.8,Medium Risk
M000371,43.8,Medium Risk
M000372,51.3,Medium Risk
M000373,46.6,Medium Risk
M000374,43.0,Medium Risk
M000375,64.9,Medium Risk
M000376,39.4,High Risk
M000377,45.0,Medium Risk
M000378,64.1,Medium Risk
M000379,48.1,Medium Risk
M000380,27.3,High Risk
M000381,45.9,Medium Risk
M000382,46.9,Medium Risk
M000383,52.3,Medium Risk
M000384,52.5,Medium Risk
M000385,65.3,Medium Risk
M000386,45.4,Medium Risk
M000387,42.2,Medium Risk
M000388,52.4,Medium Risk
M000389,43.4,Medium Risk
M000390,38.7,High Risk
M000391,57.3,Medium Risk
M000392,60.2,Medium Risk
M000393,61.2,Medium Risk
M000394,49.8,Medium Risk
M000395,58.5,Medium Risk
M000396,40.1,Medium Risk
M000397,58.1,Medium Risk
M000398,42.3,Medium Risk
M000399,34.4,High Risk
M000400,55.0,Medium Risk
M000401,37.9,High Risk
M000402,61.0,Medium Risk
M000403,40.4,Medium Risk
M000404,52.0,Medium Risk
M000405,61.4,Medium Risk
M000406,51.6,Medium Risk
M000407,51.6,Medium Risk
M000408,48.9,Medium Risk
M000409,63.2,Medium Risk
M000410,60.4,Medium Risk
M000411,45.4,Medium Risk
M000412,44.1,Medium Risk
M000413,51.0,Medium Risk
M000414,49.9,Medium Risk
M000415,48.8,Medium Risk
M000416,37.8,High Risk
M000417,43.6,Medium Risk
M000418,44.4,Medium Risk
M000419,35.6,High Risk
M000420,41.8,Medium Risk
M000421,43.7,Medium Risk
M000422,50.6,Medium Risk
M000423,51.9,Medium Risk
M000424,48.4,Medium Risk
M000425,52.7,Medium Risk
M000426,34.6,High Risk
M000427,47.5,Medium Risk
M000428,40.4,Medium Risk
M000429,37.0,High Risk
M000430,33.1,High Risk
M000431,48.3,Medium Risk
M000432,44.5,Medium Risk
M000433,59.5,Medium Risk
M000434,44.9,Medium Risk
M000435,63.1,Medium Risk
M000436,34.7,High Risk
M000437,48.2,Medium Risk
M000438,38.2,High Risk
M000439,43.5,Medium Risk
M000440,45.2,Medium Risk
M000441,43.5,Medium Risk
M000442,47.1,Medium Risk
M000443,51.6,Medium Risk
M000444,50.4,Medium Risk
M000445,50.9,Medium Risk
M000446,31.7,High Risk
M000447,37.3,High Risk
M000448,45.3,Medium Risk
M000449,54.6,Medium Risk
M000450,45.8,Medium Risk
M000451,46.2,Medium Risk
M000452,60.6,Medium Risk
M000453,50.0,Medium Risk
M000454,27.2,High Risk
M000455,49.6,Medium Risk
M000456,56.2,Medium Risk
M000457,47.7,Medium Risk
M000458,45.8,Medium Risk
M000459,45.9,Medium Risk
M000460,51.7,Medium Risk
M000461,58.8,Medium Risk
M000462,58.4,Medium Risk
M000463,42.8,Medium Risk
M000464,44.6,Medium Risk
M000465,43.7,Medium Risk
M000466,55.4,Medium Risk
M000467,61.9,Medium Risk
M000468,39.4,High Risk
M000469,55.3,Medium Risk
M000470,54.9,Medium Risk
M000471,46.2,Medium Risk
M000472,48.6,Medium Risk
M000473,45.2,Medium Risk
M000474,49.0,Medium Risk
M000475,42.0,Medium Risk
M000476,58.2,Medium Risk
M000477,58.6,Medium Risk
M000478,47.1,Medium Risk
M000479,41.9,Medium Risk
M000480,40.5,Medium Risk
M000481,43.7,Medium Risk
M000482,44.0,Medium Risk
M000483,46.4,Medium Risk
M000484,36.7,High Risk
M000485,42.2,Medium Risk
M000486,43.5,Medium Risk
M000487,50.4,Medium Risk
M000488,39.2,High Risk
M000489,38.1,High Risk
M000490,53.0,Medium Risk
M000491,44.6,Medium Risk
M000492,53.2,Medium Risk
M000493,64.1,Medium Risk
M000494,45.9,Medium Risk
M000495,44.9,Medium Risk
M000496,61.0,Medium Risk
M000497,69.2,Medium Risk
M000498,60.7,Medium Risk
M000499,46.0,Medium Risk
M000500,44.4,Medium Risk
M000501,53.1,Medium Risk
M000502,53.2,Medium Risk
M000503,44.1,Medium Risk
M000504,47.4,Medium Risk
M000505,53.6,Medium Risk
M000506,49.0,Medium Risk
M000507,37.7,High Risk
M000508,41.7,Medium Risk
M000509,40.1,Medium Risk
M000510,49.9,Medium Risk
M000511,42.1,Medium Risk
M000512,52.4,Medium Risk
M000513,48.6,Medium Risk
M000514,55.5,Medium Risk
M000515,46.9,Medium Risk
M000516,41.3,Medium Risk
M000517,42.6,Medium Risk
M000518,42.8,Medium Risk
M000519,46.2,Medium Risk
M000520,54.4,Medium Risk
M000521,44.3,Medium Risk
M000522,37.1,High Risk
M000523,57.9,Medium Risk
M000524,48.4,Medium Risk
M000525,55.9,Medium Risk
M000526,60.0,Medium Risk
M000527,45.9,Medium Risk
M000528,51.0,Medium Risk
M000529,38.8,High Risk
M000530,47.9,Medium Risk
M000531,54.1,Medium Risk
M000532,40.9,Medium Risk
M000533,38.4,High Risk
M000534,43.0,Medium Risk
M000535,60.4,Medium Risk
M000536,29.1,High Risk
M000537,59.0,Medium Risk
M000538,52.3,Medium Risk
M000539,39.8,High Risk
M000540,44.4,Medium Risk
M000541,34.5,High Risk
M000542,56.0,Medium Risk
M000543,56.1,Medium Risk
M000544,60.7,Medium Risk
M000545,55.1,Medium Risk
M000546,52.2,Medium Risk
M000547,46.1,Medium Risk
M000548,48.9,Medium Risk
M000549,49.1,Medium Risk
M000550,53.2,Medium Risk
M000551,47.0,Medium Risk
M000552,45.0,Medium Risk
M000553,44.6,Medium Risk
M000554,44.2,Medium Risk
M000555,46.1,Medium Risk
M000556,43.5,Medium Risk
M000557,46.3,Medium Risk
M000558,38.6,High Risk
M000559,43.7,Medium Risk
M000560,53.5,Medium Risk
M000561,57.6,Medium Risk
M000562,46.4,Medium Risk
M000563,42.9,Medium Risk
M000564,44.4,Medium Risk
M000565,64.1,Medium Risk
M000566,46.7,Medium Risk
M000567,52.2,Medium Risk
M000568,61.1,Medium Risk
M000569,59.4,Medium Risk
M000570,55.4,Medium Risk
M000571,62.3,Medium Risk
M000572,39.3,High Risk
M000573,52.1,Medium Risk
M000574,43.9,Medium Risk
M000575,43.9,Medium Risk
M000576,58.5,Medium Risk
M000577,62.7,Medium Risk
M000578,36.5,High Risk
M000579,57.6,Medium Risk
M000580,46.5,Medium Risk
M000581,44.9,Medium Risk
M000582,40.2,Medium Risk
M000583,55.3,Medium Risk
M000584,58.2,Medium Risk
M000585,43.5,Medium Risk
M000586,38.8,High Risk
M000587,44.2,Medium Risk
M000588,39.6,High Risk
M000589,53.7,Medium Risk
M000590,57.4,Medium Risk
M000591,51.5,Medium Risk
M000592,51.9,Medium Risk
M000593,41.2,Medium Risk
M000594,48.4,Medium Risk
M000595,47.7,Medium Risk
M000596,41.5,Medium Risk
M000597,54.8,Medium Risk
M000598,55.0,Medium Risk
M000599,58.1,Medium Risk
M000600,56.8,Medium Risk
M000601,64.3,Medium Risk
M000602,50.8,Medium Risk
M000603,46.4,Medium Risk
M000604,59.9,Medium Risk
M000605,50.9,Medium Risk
M000606,50.7,Medium Risk
M000607,58.4,Medium Risk
M000608,44.2,Medium Risk
M000609,43.5,Medium Risk
M000610,58.9,Medium Risk
M000611,40.8,Medium Risk
M000612,39.4,High Risk
M000613,39.5,High Risk
M000614,50.8,Medium Risk
M000615,64.8,Medium Risk
M000616,51.4,Medium Risk
M000617,43.6,Medium Risk
M000618,39.3,High Risk
M000619,44.3,Medium Risk
M000620,47.8,Medium Risk
M000621,40.6,Medium Risk
M000622,51.3,Medium Risk
M000623,60.6,Medium Risk
M000624,58.5,Medium Risk
M000625,51.3,Medium Risk
M000626,46.0,Medium Risk
M000627,62.4,Medium Risk
M000628,52.1,Medium Risk
M000629,58.2,Medium Risk
M000630,64.0,Medium Risk
M000631,60.9,Medium Risk
M000632,44.8,Medium Risk
M000633,60.4,Medium Risk
M000634,56.2,Medium Risk
M000635,42.1,Medium Risk
M000636,42.5,Medium Risk
M000637,53.6,Medium Risk
M000638,45.3,Medium Risk
M000639,42.8,Medium Risk
M000640,59.5,Medium Risk
M000641,50.5,Medium Risk
M000642,41.7,Medium Risk
M000643,38.7,High Risk
M000644,47.6,Medium Risk
M000645,33.2,High Risk
M000646,41.8,Medium Risk
M000647,39.9,High Risk
M000648,44.9,Medium Risk
M000649,43.5,Medium Risk
M000650,45.1,Medium Risk
M000651,53.5,Medium Risk
M000652,32.7,High Risk
M000653,48.9,Medium Risk
M000654,40.4,Medium Risk
M000655,53.3,Medium Risk
M000656,47.4,Medium Risk
M000657,48.9,Medium Risk
M000658,42.9,Medium Risk
M000659,44.3,Medium Risk
M000660,44.6,Medium Risk
M000661,54.3,Medium Risk
M000662,46.4,Medium Risk
M000663,46.1,Medium Risk
M000664,38.2,High Risk
M000665,52.3,Medium Risk
M000666,61.7,Medium Risk
M000667,56.5,Medium Risk
M000668,51.3,Medium Risk
M000669,36.0,High Risk
M000670,61.6,Medium Risk
M000671,45.7,Medium Risk
M000672,45.6,Medium Risk
M000673,58.8,Medium Risk
M000674,41.4,Medium Risk
M000675,55.4,Medium Risk
M000676,57.7,Medium Risk
M000677,45.1,Medium Risk
M000678,45.9,Medium Risk
M000679,53.5,Medium Risk
M000680,41.8,Medium Risk
M000681,47.0,Medium Risk
M000682,53.8,Medium Risk
M000683,42.2,Medium Risk
M000684,42.1,Medium Risk
M000685,42.8,Medium Risk
M000686,36.0,High Risk
M000687,45.7,Medium Risk
M000688,63.2,Medium Risk
M000689,52.6,Medium Risk
M000690,61.4,Medium Risk
M000691,58.4,Medium Risk
M000692,57.3,Medium Risk
M000693,51.1,Medium Risk
M000694,58.1,Medium Risk
M000695,45.0,Medium Risk
M000696,38.8,High Risk
M000697,60.2,Medium Risk
M000698,67.4,Medium Risk
M000699,41.7,Medium Risk
M000700,46.3,Medium Risk
M000701,39.7,High Risk
M000702,60.1,Medium Risk
M000703,47.4,Medium Risk
M000704,44.7,Medium Risk
M000705,42.9,Medium Risk
M000706,46.7,Medium Risk
M000707,48.1,Medium Risk
M000708,40.7,Medium Risk
M000709,43.3,Medium Risk
M000710,47.1,Medium Risk
M000711,49.6,Medium Risk
M000712,61.9,Medium Risk
M000713,59.4,Medium Risk
M000714,60.3,Medium Risk
M000715,44.4,Medium Risk
M000716,46.2,Medium Risk
M000717,40.2,Medium Risk
M000718,56.9,Medium Risk
M000719,52.0,Medium Risk
M000720,61.0,Medium Risk
M000721,43.9,Medium Risk
M000722,59.3,Medium Risk
M000723,52.1,Medium Risk
M000724,47.0,Medium Risk
M000725,46.4,Medium Risk
M000726,32.6,High Risk
M000727,39.9,High Risk
M000728,46.4,Medium Risk
M000729,43.8,Medium Risk
M000730,44.8,Medium Risk
M000731,39.2,High Risk
M000732,50.5,Medium Risk
M000733,33.6,High Risk
M000734,60.7,Medium Risk
M000735,41.7,Medium Risk
M000736,60.9,Medium Risk
M000737,46.0,Medium Risk
M000738,46.2,Medium Risk
M000739,49.5,Medium Risk
M000740,45.0,Medium Risk
M000741,39.3,High Risk
M000742,51.5,Medium Risk
M000743,46.3,Medium Risk
M000744,41.4,Medium Risk
M000745,48.8,Medium Risk
M000746,65.0,Medium Risk
M000747,54.7,Medium Risk
M000748,52.2,Medium Risk
M000749,46.1,Medium Risk
M000750,55.1,Medium Risk
M000751,54.2,Medium Risk
M000752,58.7,Medium Risk
M000753,59.8,Medium Risk
M000754,45.6,Medium Risk
M000755,34.3,High Risk
M000756,41.6,Medium Risk
M000757,50.0,Medium Risk
M000758,44.2,Medium Risk
M000759,65.0,Medium Risk
M000760,51.6,Medium Risk
M000761,36.5,High Risk
M000762,48.4,Medium Risk
M000763,58.8,Medium Risk
M000764,39.6,High Risk
M000765,39.2,High Risk
M000766,40.1,Medium Risk
M000767,61.4,Medium Risk
M000768,43.3,Medium Risk
M000769,51.0,Medium Risk
M000770,51.3,Medium Risk
M000771,28.4,High Risk
M000772,57.6,Medium Risk
M000773,44.8,Medium Risk
M000774,50.8,Medium Risk
M000775,41.9,Medium Risk
M000776,54.3,Medium Risk
M000777,48.7,Medium Risk
M000778,50.1,Medium Risk
M000779,51.8,Medium Risk
M000780,58.9,Medium Risk
M000781,51.7,Medium Risk
M000782,44.0,Medium Risk
M000783,51.2,Medium Risk
M000784,37.4,High Risk
M000785,64.3,Medium Risk
M000786,40.4,Medium Risk
M000787,55.3,Medium Risk
M000788,57.8,Medium Risk
M000789,49.0,Medium Risk
M000790,38.5,High Risk
M000791,43.0,Medium Risk
M000792,59.8,Medium Risk
M000793,51.3,Medium Risk
M000794,56.7,Medium Risk
M000795,45.5,Medium Risk
M000796,36.8,High Risk
M000797,60.8,Medium Risk
M000798,59.8,Medium Risk
M000799,45.9,Medium Risk
M000800,53.0,Medium Risk
M000801,50.0,Medium Risk
M000802,38.0,High Risk
M000803,44.8,Medium Risk
M000804,55.3,Medium Risk
M000805,48.9,Medium Risk
M000806,60.9,Medium Risk
M000807,48.5,Medium Risk
M000808,40.5,Medium Risk
M000809,58.9,Medium Risk
M000810,24.7,High Risk
M000811,40.2,Medium Risk
M000812,57.9,Medium Risk
M000813,52.7,Medium Risk
M000814,43.6,Medium Risk
M000815,45.1,Medium Risk
M000816,36.3,High Risk
M000817,49.1,Medium Risk
M000818,57.0,Medium Risk
M000819,48.3,Medium Risk
M000820,50.9,Medium Risk
M000821,60.3,Medium Risk
M000822,62.8,Medium Risk
M000823,49.1,Medium Risk
M000824,61.6,Medium Risk
M000825,36.2,High Risk
M000826,36.4,High Risk
M000827,64.6,Medium Risk
M000828,32.7,High Risk
M000829,42.7,Medium Risk
M000830,52.7,Medium Risk
M000831,35.8,High Risk
M000832,58.3,Medium Risk
M000833,37.9,High Risk
M000834,41.4,Medium Risk
M000835,46.2,Medium Risk
M000836,43.6,Medium Risk
M000837,69.5,Medium Risk
M000838,61.2,Medium Risk
M000839,61.6,Medium Risk
M000840,41.1,Medium Risk
M000841,54.9,Medium Risk
M000842,59.2,Medium Risk
M000843,54.9,Medium Risk
M000844,49.2,Medium Risk
M000845,49.4,Medium Risk
M000846,51.1,Medium Risk
M000847,58.2,Medium Risk
M000848,42.9,Medium Risk
M000849,56.7,Medium Risk
M000850,40.3,Medium Risk
M000851,41.2,Medium Risk
M000852,42.7,Medium Risk
M000853,52.4,Medium Risk
M000854,59.0,Medium Risk
M000855,47.6,Medium Risk
M000856,45.5,Medium Risk
M000857,36.8,High Risk
M000858,49.4,Medium Risk
M000859,47.2,Medium Risk
M000860,56.4,Medium Risk
M000861,50.1,Medium Risk
M000862,47.8,Medium Risk
M000863,46.5,Medium Risk
M000864,56.0,Medium Risk
M000865,55.2,Medium Risk
M000866,59.4,Medium Risk
M000867,57.2,Medium Risk
M000868,49.4,Medium Risk
M000869,48.0,Medium Risk
M000870,51.3,Medium Risk
M000871,65.1,Medium Risk
M000872,68.9,Medium Risk
M000873,59.6,Medium Risk
M000874,46.9,Medium Risk
M000875,45.3,Medium Risk
M000876,47.1,Medium Risk
M000877,56.2,Medium Risk
M000878,60.7,Medium Risk
M000879,39.8,High Risk
M000880,39.0,High Risk
M000881,43.1,Medium Risk
M000882,39.8,High Risk
M000883,40.3,Medium Risk
M000884,64.1,Medium Risk
M000885,41.8,Medium Risk
M000886,58.6,Medium Risk
M000887,59.8,Medium Risk
M000888,42.4,Medium Risk
M000889,44.6,Medium Risk
M000890,61.1,Medium Risk
M000891,56.9,Medium Risk
M000892,53.3,Medium Risk
M000893,54.5,Medium Risk
M000894,59.4,Medium Risk
M000895,45.5,Medium Risk
M000896,60.3,Medium Risk
M000897,44.7,Medium Risk
M000898,43.3,Medium Risk
M000899,43.2,Medium Risk
M000900,43.8,Medium Risk
M000901,61.6,Medium Risk
M000902,46.1,Medium Risk
M000903,36.9,High Risk
M000904,45.5,Medium Risk
M000905,42.1,Medium Risk
M000906,49.3,Medium Risk
M000907,43.2,Medium Risk
M000908,27.4,High Risk
M000909,60.7,Medium Risk
M000910,43.7,Medium Risk
M000911,39.4,High Risk
M000912,58.1,Medium Risk
M000913,43.8,Medium Risk
M000914,60.5,Medium Risk
M000915,54.5,Medium Risk
M000916,56.3,Medium Risk
M000917,58.9,Medium Risk
M000918,56.7,Medium Risk
M000919,44.2,Medium Risk
M000920,47.4,Medium Risk
M000921,44.1,Medium Risk
M000922,58.5,Medium Risk
M000923,40.2,Medium Risk
M000924,50.4,Medium Risk
M000925,47.6,Medium Risk
M000926,55.8,Medium Risk
M000927,47.1,Medium Risk
M000928,41.7,Medium Risk
M000929,43.8,Medium Risk
M000930,41.0,Medium Risk
M000931,52.8,Medium Risk
M000932,38.0,High Risk
M000933,47.5,Medium Risk
M000934,57.6,Medium Risk
M000935,45.4,Medium Risk
M000936,46.4,Medium Risk
M000937,38.1,High Risk
M000938,45.0,Medium Risk
M000939,57.7,Medium Risk
M000940,62.8,Medium Risk
M000941,42.9,Medium Risk
M000942,46.1,Medium Risk
M000943,57.4,Medium Risk
M000944,51.7,Medium Risk
M000945,59.6,Medium Risk
M000946,41.7,Medium Risk
M000947,44.0,Medium Risk
M000948,51.0,Medium Risk
M000949,45.2,Medium Risk
M000950,44.9,Medium Risk
M000951,56.7,Medium Risk
M000952,45.8,Medium Risk
M000953,41.5,Medium Risk
M000954,59.3,Medium Risk
M000955,33.8,High Risk
M000956,49.5,Medium Risk
M000957,41.5,Medium Risk
M000958,40.5,Medium Risk
M000959,60.3,Medium Risk
M000960,42.0,Medium Risk
M000961,34.4,High Risk
M000962,51.2,Medium Risk
M000963,40.1,Medium Risk
M000964,51.1,Medium Risk
M000965,51.3,Medium Risk
M000966,46.4,Medium Risk
M000967,48.7,Medium Risk
M000968,54.1,Medium Risk
M000969,59.4,Medium Risk
M000970,40.7,Medium Risk
M000971,59.4,Medium Risk
M000972,37.5,High Risk
M000973,50.7,Medium Risk
M000974,53.0,Medium Risk
M000975,64.1,Medium Risk
M000976,51.2,Medium Risk
M000977,46.0,Medium Risk
M000978,34.2,High Risk
M000979,59.5,Medium Risk
M000980,44.2,Medium Risk
M000981,58.9,Medium Risk
M000982,50.4,Medium Risk
M000983,42.2,Medium Risk
M000984,58.2,Medium Risk
M000985,52.6,Medium Risk
M000986,61.5,Medium Risk
M000987,44.7,Medium Risk
M000988,53.7,Medium Risk
M000989,40.9,Medium Risk
M000990,35.5,High Risk
M000991,43.4,Medium Risk
M000992,58.7,Medium Risk
M000993,46.7,Medium Risk
M000994,48.1,Medium Risk
M000995,33.0,High Risk
M000996,49.0,Medium Risk
M000997,38.8,High Risk
M000998,53.5,Medium Risk
M000999,47.9,Medium Risk
M001000,46.5,Medium Risk
M001001,64.5,Medium Risk
M001002,46.7,Medium Risk
M001003,38.7,High Risk
M001004,43.2,Medium Risk
M001005,38.2,High Risk
M001006,41.8,Medium Risk
M001007,41.5,Medium Risk
M001008,43.6,Medium Risk
M001009,50.2,Medium Risk
M001010,53.4,Medium Risk
M001011,47.6,Medium Risk
M001012,43.7,Medium Risk
M001013,58.3,Medium Risk
M001014,49.1,Medium Risk
M001015,49.4,Medium Risk
M001016,41.7,Medium Risk
M001017,47.9,Medium Risk
M001018,51.8,Medium Risk
M001019,58.1,Medium Risk
M001020,59.5,Medium Risk
M001021,43.5,Medium Risk
M001022,58.2,Medium Risk
M001023,41.5,Medium Risk
M001024,66.6,Medium Risk
M001025,45.1,Medium Risk
M001026,52.4,Medium Risk
M001027,48.6,Medium Risk
M001028,41.4,Medium Risk
M001029,48.8,Medium Risk
M001030,41.9,Medium Risk
M001031,62.6,Medium Risk
M001032,41.3,Medium Risk
M001033,50.8,Medium Risk
M001034,43.8,Medium Risk
M001035,52.5,Medium Risk
M001036,56.8,Medium Risk
M001037,40.1,Medium Risk
M001038,43.1,Medium Risk
M001039,52.3,Medium Risk
M001040,58.6,Medium Risk
M001041,62.6,Medium Risk
M001042,53.8,Medium Risk
M001043,36.5,High Risk
M001044,45.2,Medium Risk
M001045,59.1,Medium Risk
M001046,47.2,Medium Risk
M001047,52.8,Medium Risk
M001048,60.1,Medium Risk
M001049,48.8,Medium Risk
M001050,46.2,Medium Risk
M001051,55.2,Medium Risk
M001052,61.5,Medium Risk
M001053,63.7,Medium Risk
M001054,45.6,Medium Risk
M001055,50.0,Medium Risk
M001056,59.6,Medium Risk
M001057,49.2,Medium Risk
M001058,46.8,Medium Risk
M001059,54.8,Medium Risk
M001060,55.5,Medium Risk
M001061,24.9,High Risk
M001062,35.4,High Risk
M001063,51.5,Medium Risk
M001064,42.8,Medium Risk
M001065,39.9,High Risk
M001066,57.6,Medium Risk
M001067,39.5,High Risk
M001068,60.3,Medium Risk
M001069,41.7,Medium Risk
M001070,61.7,Medium Risk
M001071,52.4,Medium Risk
M001072,50.2,Medium Risk
M001073,42.0,Medium Risk
M001074,46.8,Medium Risk
M001075,49.6,Medium Risk
M001076,59.0,Medium Risk
M001077,46.9,Medium Risk
M001078,41.5,Medium Risk
M001079,40.9,Medium Risk
M001080,52.7,Medium Risk
M001081,43.0,Medium Risk
M001082,49.3,Medium Risk
M001083,38.4,High Risk
M001084,37.7,High Risk
M001085,45.9,Medium Risk
M001086,50.1,Medium Risk
M001087,60.5,Medium Risk
M001088,48.4,Medium Risk
M001089,37.3,High Risk
M001090,49.1,Medium Risk
M001091,54.0,Medium Risk
M001092,44.3,Medium Risk
M001093,51.0,Medium Risk
M001094,34.3,High Risk
M001095,59.5,Medium Risk
M001096,46.3,Medium Risk
M001097,35.8,High Risk
M001098,43.7,Medium Risk
M001099,46.5,Medium Risk
M001100,46.9,Medium Risk
M001101,62.2,Medium Risk
M001102,53.8,Medium Risk
M001103,44.8,Medium Risk
M001104,46.3,Medium Risk
M001105,47.7,Medium Risk
M001106,46.2,Medium Risk
M001107,43.8,Medium Risk
M001108,45.5,Medium Risk
M001109,46.2,Medium Risk
M001110,64.9,Medium Risk
M001111,42.1,Medium Risk
M001112,43.9,Medium Risk
M001113,42.0,Medium Risk
M001114,35.8,High Risk
M001115,52.9,Medium Risk
M001116,53.7,Medium Risk
M001117,41.4,Medium Risk
M001118,37.0,High Risk
M001119,45.6,Medium Risk
M001120,48.4,Medium Risk
M001121,45.6,Medium Risk
M001122,44.6,Medium Risk
M001123,46.8,Medium Risk
M001124,38.8,High Risk
M001125,43.2,Medium Risk
M001126,44.2,Medium Risk
M001127,33.4,High Risk
M001128,52.4,Medium Risk
M001129,46.1,Medium Risk
M001130,54.2,Medium Risk
M001131,54.6,Medium Risk
M001132,58.8,Medium Risk
M001133,42.9,Medium Risk
M001134,48.5,Medium Risk
M001135,34.6,High Risk
M001136,60.5,Medium Risk
M001137,61.8,Medium Risk
M001138,41.4,Medium Risk
M001139,57.1,Medium Risk
M001140,40.6,Medium Risk
M001141,44.8,Medium Risk
M001142,43.9,Medium Risk
M001143,45.6,Medium Risk
M001144,45.2,Medium Risk
M001145,54.2,Medium Risk
M001146,44.1,Medium Risk
M001147,55.9,Medium Risk
M001148,40.3,Medium Risk
M001149,42.3,Medium Risk
M001150,48.6,Medium Risk
M001151,43.9,Medium Risk
M001152,43.7,Medium Risk
M001153,47.3,Medium Risk
M001154,50.6,Medium Risk
M001155,54.8,Medium Risk
M001156,53.1,Medium Risk
M001157,43.9,Medium Risk
M001158,67.6,Medium Risk
M001159,59.7,Medium Risk
M001160,39.9,High Risk
M001161,47.0,Medium Risk
M001162,42.5,Medium Risk
M001163,45.5,Medium Risk
M001164,38.4,High Risk
M001165,43.3,Medium Risk
M001166,47.0,Medium Risk
M001167,45.8,Medium Risk
M001168,47.3,Medium Risk
M001169,47.9,Medium Risk
M001170,62.1,Medium Risk
M001171,60.2,Medium Risk
M001172,42.1,Medium Risk
M001173,67.3,Medium Risk
M001174,54.0,Medium Risk
M001175,52.8,Medium Risk
M001176,57.4,Medium Risk
M001177,48.7,Medium Risk
M001178,45.3,Medium Risk
M001179,52.8,Medium Risk
M001180,58.3,Medium Risk
M001181,58.4,Medium Risk
M001182,59.6,Medium Risk
M001183,46.6,Medium Risk
M001184,54.2,Medium Risk
M001185,63.6,Medium Risk
M001186,57.3,Medium Risk
M001187,54.7,Medium Risk
M001188,40.7,Medium Risk
M001189,53.2,Medium Risk
M001190,59.6,Medium Risk
M001191,54.4,Medium Risk
M001192,58.3,Medium Risk
M001193,58.1,Medium Risk
M001194,40.9,Medium Risk
M001195,38.2,High Risk
M001196,62.5,Medium Risk
M001197,59.4,Medium Risk
M001198,42.6,Medium Risk
M001199,58.6,Medium Risk
M001200,47.5,Medium Risk
M001201,60.7,Medium Risk
M001202,50.9,Medium Risk
M001203,50.2,Medium Risk
M001204,41.3,Medium Risk
M001205,48.9,Medium Risk
M001206,69.0,Medium Risk
M001207,51.1,Medium Risk
M001208,55.3,Medium Risk
M001209,38.6,High Risk
M001210,59.1,Medium Risk
M001211,55.2,Medium Risk
M001212,42.4,Medium Risk
M001213,41.0,Medium Risk
M001214,43.9,Medium Risk
M001215,42.6,Medium Risk
M001216,50.6,Medium Risk
M001217,43.8,Medium Risk
M001218,58.7,Medium Risk
M001219,42.2,Medium Risk
M001220,55.1,Medium Risk
M001221,60.7,Medium Risk
M001222,46.7,Medium Risk
M001223,42.2,Medium Risk
M001224,36.8,High Risk
M001225,52.4,Medium Risk
M001226,43.2,Medium Risk
M001227,60.0,Medium Risk
M001228,47.7,Medium Risk
M001229,51.0,Medium Risk
M001230,48.0,Medium Risk
M001231,46.1,Medium Risk
M001232,40.2,Medium Risk
M001233,45.5,Medium Risk
M001234,50.7,Medium Risk
M001235,48.5,Medium Risk
M001236,45.5,Medium Risk
M001237,48.5,Medium Risk
M001238,60.4,Medium Risk
M001239,58.6,Medium Risk
M001240,39.8,High Risk
M001241,41.1,Medium Risk
M001242,42.7,Medium Risk
M001243,59.6,Medium Risk
M001244,44.2,Medium Risk
M001245,44.7,Medium Risk
M001246,42.9,Medium Risk
M001247,58.8,Medium Risk
M001248,46.4,Medium Risk
M001249,44.1,Medium Risk
M001250,62.1,Medium Risk
M001251,59.2,Medium Risk
M001252,41.2,Medium Risk
M001253,57.1,Medium Risk
M001254,45.4,Medium Risk
M001255,41.1,Medium Risk
M001256,33.8,High Risk
M001257,59.8,Medium Risk
M001258,58.5,Medium Risk
M001259,46.2,Medium Risk
M001260,40.7,Medium Risk
M001261,52.4,Medium Risk
M001262,39.6,High Risk
M001263,52.7,Medium Risk
M001264,42.6,Medium Risk
M001265,45.8,Medium Risk
M001266,28.1,High Risk
M001267,59.2,Medium Risk
M001268,40.6,Medium Risk
M001269,64.0,Medium Risk
M001270,50.8,Medium Risk
M001271,46.3,Medium Risk
M001272,49.3,Medium Risk
M001273,60.9,Medium Risk
M001274,53.5,Medium Risk
M001275,60.3,Medium Risk
M001276,46.4,Medium Risk
M001277,64.5,Medium Risk
M001278,57.7,Medium Risk
M001279,39.1,High Risk
M001280,45.4,Medium Risk
M001281,43.9,Medium Risk
M001282,50.8,Medium Risk
M001283,55.3,Medium Risk
M001284,41.2,Medium Risk
M001285,52.4,Medium Risk
M001286,59.5,Medium Risk
M001287,55.1,Medium Risk
M001288,42.9,Medium Risk
M001289,61.1,Medium Risk
M001290,35.0,High Risk
M001291,46.9,Medium Risk
M001292,42.7,Medium Risk
M001293,48.9,Medium Risk
M001294,58.8,Medium Risk
M001295,47.5,Medium Risk
M001296,48.9,Medium Risk
M001297,53.4,Medium Risk
M001298,57.5,Medium Risk
M001299,56.5,Medium Risk
M001300,54.4,Medium Risk
M001301,44.7,Medium Risk
M001302,46.6,Medium Risk
M001303,57.7,Medium Risk
M001304,44.4,Medium Risk
M001305,43.0,Medium Risk
M001306,43.0,Medium Risk
M001307,49.8,Medium Risk
M001308,40.3,Medium Risk
M001309,47.7,Medium Risk
M001310,40.1,Medium Risk
M001311,59.2,Medium Risk
M001312,62.7,Medium Risk
M001313,45.1,Medium Risk
M001314,62.5,Medium Risk
M001315,59.2,Medium Risk
M001316,43.5,Medium Risk
M001317,49.2,Medium Risk
M001318,47.1,Medium Risk
M001319,34.9,High Risk
M001320,60.1,Medium Risk
M001321,48.3,Medium Risk
M001322,34.1,High Risk
M001323,52.0,Medium Risk
M001324,47.2,Medium Risk
M001325,40.0,Medium Risk
M001326,56.5,Medium Risk
M001327,43.9,Medium Risk
M001328,50.6,Medium Risk
M001329,59.3,Medium Risk
M001330,40.3,Medium Risk
M001331,61.5,Medium Risk
M001332,47.2,Medium Risk
M001333,63.3,Medium Risk
M001334,48.2,Medium Risk
M001335,55.1,Medium Risk
M001336,69.0,Medium Risk
M001337,44.4,Medium Risk
M001338,56.6,Medium Risk
M001339,41.0,Medium Risk
M001340,45.4,Medium Risk
M001341,46.7,Medium Risk
M001342,39.6,High Risk
M001343,53.5,Medium Risk
M001344,54.2,Medium Risk
M001345,50.7,Medium Risk
M001346,43.0,Medium Risk
M001347,44.5,Medium Risk
M001348,50.3,Medium Risk
M001349,39.6,High Risk
M001350,56.5,Medium Risk
M001351,32.3,High Risk
M001352,52.4,Medium Risk
M001353,40.4,Medium Risk
M001354,45.9,Medium Risk
M001355,39.1,High Risk
M001356,59.7,Medium Risk
M001357,60.5,Medium Risk
M001358,48.3,Medium Risk
M001359,40.9,Medium Risk
M001360,35.1,High Risk
M001361,52.9,Medium Risk
M001362,45.1,Medium Risk
M001363,42.4,Medium Risk
M001364,69.2,Medium Risk
M001365,40.9,Medium Risk
M001366,64.9,Medium Risk
M001367,60.0,Medium Risk
M001368,35.4,High Risk
M001369,46.7,Medium Risk
M001370,31.3,High Risk
M001371,38.6,High Risk
M001372,56.0,Medium Risk
M001373,45.9,Medium Risk
M001374,52.1,Medium Risk
M001375,37.2,High Risk
M001376,40.0,High Risk
M001377,52.7,Medium Risk
M001378,59.3,Medium Risk
M001379,71.8,Low Risk
M001380,46.3,Medium Risk
M001381,40.2,Medium Risk
M001382,58.0,Medium Risk
M001383,56.8,Medium Risk
M001384,45.4,Medium Risk
M001385,50.6,Medium Risk
M001386,38.8,High Risk
M001387,43.4,Medium Risk
M001388,42.6,Medium Risk
M001389,56.7,Medium Risk
M001390,38.1,High Risk
M001391,42.9,Medium Risk
M001392,60.0,Medium Risk
M001393,35.7,High Risk
M001394,41.1,Medium Risk
M001395,54.6,Medium Risk
M001396,56.2,Medium Risk
M001397,51.6,Medium Risk
M001398,52.0,Medium Risk
M001399,56.1,Medium Risk
M001400,50.3,Medium Risk
M001401,46.0,Medium Risk
M001402,46.7,Medium Risk
M001403,60.0,Medium Risk
M001404,44.7,Medium Risk
M001405,50.6,Medium Risk
M001406,59.2,Medium Risk
M001407,51.4,Medium Risk
M001408,57.2,Medium Risk
M001409,48.1,Medium Risk
M001410,46.9,Medium Risk
M001411,44.1,Medium Risk
M001412,59.1,Medium Risk
M001413,45.8,Medium Risk
M001414,48.0,Medium Risk
M001415,41.8,Medium Risk
M001416,45.1,Medium Risk
M001417,39.9,High Risk
M001418,46.9,Medium Risk
M001419,51.8,Medium Risk
M001420,45.9,Medium Risk
M001421,53.5,Medium Risk
M001422,49.3,Medium Risk
M001423,44.4,Medium Risk
M001424,47.0,Medium Risk
M001425,60.1,Medium Risk
M001426,39.5,High Risk
M001427,56.5,Medium Risk
M001428,42.7,Medium Risk
M001429,59.8,Medium Risk
M001430,48.0,Medium Risk
M001431,44.4,Medium Risk
M001432,45.3,Medium Risk
M001433,35.8,High Risk
M001434,53.6,Medium Risk
M001435,54.9,Medium Risk
M001436,51.5,Medium Risk
M001437,50.9,Medium Risk
M001438,45.1,Medium Risk
M001439,49.4,Medium Risk
M001440,44.8,Medium Risk
M001441,44.8,Medium Risk
M001442,56.1,Medium Risk
M001443,48.4,Medium Risk
M001444,41.9,Medium Risk
M001445,46.3,Medium Risk
M001446,55.4,Medium Risk
M001447,44.5,Medium Risk
M001448,43.3,Medium Risk
M001449,64.8,Medium Risk
M001450,44.0,Medium Risk
M001451,60.5,Medium Risk
M001452,62.6,Medium Risk
M001453,50.8,Medium Risk
M001454,46.2,Medium Risk
M001455,69.2,Medium Risk
M001456,59.7,Medium Risk
M001457,42.2,Medium Risk
M001458,59.2,Medium Risk
M001459,40.4,Medium Risk
M001460,60.5,Medium Risk
M001461,50.1,Medium Risk
M001462,51.6,Medium Risk
M001463,55.5,Medium Risk
M001464,58.6,Medium Risk
M001465,57.6,Medium Risk
M001466,40.2,Medium Risk
M001467,49.8,Medium Risk
M001468,62.8,Medium Risk
M001469,48.5,Medium Risk
M001470,52.1,Medium Risk
M001471,58.5,Medium Risk
M001472,41.7,Medium Risk
M001473,61.0,Medium Risk
M001474,56.6,Medium Risk
M001475,50.0,Medium Risk
M001476,68.9,Medium Risk
M001477,62.8,Medium Risk
M001478,42.3,Medium Risk
M001479,40.7,Medium Risk
M001480,46.9,Medium Risk
M001481,60.5,Medium Risk
M001482,52.6,Medium Risk
M001483,55.2,Medium Risk
M001484,42.2,Medium Risk
M001485,39.0,High Risk
M001486,42.0,Medium Risk
M001487,36.9,High Risk
M001488,52.7,Medium Risk
M001489,62.6,Medium Risk
M001490,54.9,Medium Risk
M001491,55.3,Medium Risk
M001492,42.7,Medium Risk
M001493,40.9,Medium Risk
M001494,44.1,Medium Risk
M001495,41.1,Medium Risk
M001496,46.1,Medium Risk
M001497,48.0,Medium Risk
M001498,54.4,Medium Risk
M001499,51.9,Medium Risk
M001500,58.8,Medium Risk
M001501,56.1,Medium Risk
M001502,43.0,Medium Risk
M001503,52.4,Medium Risk
M001504,44.4,Medium Risk
M001505,51.9,Medium Risk
M001506,45.1,Medium Risk
M001507,46.6,Medium Risk
M001508,65.6,Medium Risk
M001509,48.9,Medium Risk
M001510,60.4,Medium Risk
M001511,59.0,Medium Risk
M001512,41.8,Medium Risk
M001513,57.5,Medium Risk
M001514,41.3,Medium Risk
M001515,64.9,Medium Risk
M001516,45.4,Medium Risk
M001517,41.3,Medium Risk
M001518,56.5,Medium Risk
M001519,48.1,Medium Risk
M001520,58.6,Medium Risk
M001521,45.1,Medium Risk
M001522,48.7,Medium Risk
M001523,34.6,High Risk
M001524,48.0,Medium Risk
M001525,37.4,High Risk
M001526,49.6,Medium Risk
M001527,63.7,Medium Risk
M001528,42.1,Medium Risk
M001529,43.7,Medium Risk
M001530,60.4,Medium Risk
M001531,48.4,Medium Risk
M001532,54.5,Medium Risk
M001533,44.0,Medium Risk
M001534,59.9,Medium Risk
M001535,61.4,Medium Risk
M001536,43.8,Medium Risk
M001537,45.4,Medium Risk
M001538,47.1,Medium Risk
M001539,48.5,Medium Risk
M001540,39.3,High Risk
M001541,53.2,Medium Risk
M001542,35.1,High Risk
M001543,43.6,Medium Risk
M001544,55.2,Medium Risk
M001545,52.0,Medium Risk
M001546,50.6,Medium Risk
M001547,50.7,Medium Risk
M001548,66.4,Medium Risk
M001549,45.7,Medium Risk
M001550,42.1,Medium Risk
M001551,41.5,Medium Risk
M001552,55.3,Medium Risk
M001553,41.7,Medium Risk
M001554,40.0,Medium Risk
M001555,61.6,Medium Risk
M001556,45.0,Medium Risk
M001557,51.7,Medium Risk
M001558,56.2,Medium Risk
M001559,50.8,Medium Risk
M001560,43.3,Medium Risk
M001561,39.1,High Risk
M001562,58.8,Medium Risk
M001563,47.0,Medium Risk
M001564,45.2,Medium Risk
M001565,60.1,Medium Risk
M001566,33.6,High Risk
M001567,60.5,Medium Risk
M001568,33.3,High Risk
M001569,43.9,Medium Risk
M001570,36.5,High Risk
M001571,42.2,Medium Risk
M001572,48.5,Medium Risk
M001573,51.2,Medium Risk
M001574,44.3,Medium Risk
M001575,43.8,Medium Risk
M001576,51.1,Medium Risk
M001577,60.0,Medium Risk
M001578,38.2,High Risk
M001579,41.8,Medium Risk
M001580,54.5,Medium Risk
M001581,40.2,Medium Risk
M001582,46.1,Medium Risk
M001583,45.6,Medium Risk
M001584,60.5,Medium Risk
M001585,39.5,High Risk
M001586,50.2,Medium Risk
M001587,38.7,High Risk
M001588,43.5,Medium Risk
M001589,55.2,Medium Risk
M001590,45.3,Medium Risk
M001591,54.1,Medium Risk
M001592,45.3,Medium Risk
M001593,60.6,Medium Risk
M001594,57.5,Medium Risk
M001595,52.2,Medium Risk
M001596,56.5,Medium Risk
M001597,44.3,Medium Risk
M001598,46.4,Medium Risk
M001599,43.0,Medium Risk
M001600,45.7,Medium Risk
M001601,57.3,Medium Risk
M001602,42.3,Medium Risk
M001603,57.7,Medium Risk
M001604,40.9,Medium Risk
M001605,42.5,Medium Risk
M001606,44.0,Medium Risk
M001607,50.2,Medium Risk
M001608,42.7,Medium Risk
M001609,60.1,Medium Risk
M001610,60.7,Medium Risk
M001611,47.5,Medium Risk
M001612,59.1,Medium Risk
M001613,51.0,Medium Risk
M001614,45.1,Medium Risk
M001615,38.2,High Risk
M001616,44.4,Medium Risk
M001617,60.7,Medium Risk
M001618,45.2,Medium Risk
M001619,58.3,Medium Risk
M001620,53.2,Medium Risk
M001621,49.3,Medium Risk
M001622,51.5,Medium Risk
M001623,52.1,Medium Risk
M001624,56.5,Medium Risk
M001625,46.8,Medium Risk
M001626,33.9,High Risk
M001627,58.1,Medium Risk
M001628,35.7,High Risk
M001629,46.0,Medium Risk
M001630,60.6,Medium Risk
M001631,39.2,High Risk
M001632,39.5,High Risk
M001633,46.1,Medium Risk
M001634,59.5,Medium Risk
M001635,61.0,Medium Risk
M001636,37.9,High Risk
M001637,41.5,Medium Risk
M001638,43.3,Medium Risk
M001639,45.6,Medium Risk
M001640,58.1,Medium Risk
M001641,45.5,Medium Risk
M001642,47.4,Medium Risk
M001643,47.2,Medium Risk
M001644,37.5,High Risk
M001645,46.0,Medium Risk
M001646,56.2,Medium Risk
M001647,34.5,High Risk
M001648,42.8,Medium Risk
M001649,59.3,Medium Risk
M001650,39.9,High Risk
M001651,42.2,Medium Risk
M001652,58.2,Medium Risk
M001653,54.6,Medium Risk
M001654,45.1,Medium Risk
M001655,46.6,Medium Risk
M001656,39.8,High Risk
M001657,60.5,Medium Risk
M001658,57.6,Medium Risk
M001659,48.7,Medium Risk
M001660,57.4,Medium Risk
M001661,52.9,Medium Risk
M001662,34.5,High Risk
M001663,55.8,Medium Risk
M001664,45.8,Medium Risk
M001665,58.0,Medium Risk
M001666,47.9,Medium Risk
M001667,58.8,Medium Risk
M001668,38.4,High Risk
M001669,41.8,Medium Risk
M001670,38.6,High Risk
M001671,59.8,Medium Risk
M001672,39.9,High Risk
M001673,38.0,High Risk
M001674,53.0,Medium Risk
M001675,52.4,Medium Risk
M001676,46.4,Medium Risk
M001677,61.8,Medium Risk
M001678,62.0,Medium Risk
M001679,58.1,Medium Risk
M001680,40.9,Medium Risk
M001681,51.0,Medium Risk
M001682,49.0,Medium Risk
M001683,41.2,Medium Risk
M001684,46.9,Medium Risk
M001685,44.4,Medium Risk
M001686,55.8,Medium Risk
M001687,36.0,High Risk
M001688,55.2,Medium Risk
M001689,69.9,Medium Risk
M001690,58.7,Medium Risk
M001691,39.4,High Risk
M001692,43.7,Medium Risk
M001693,43.7,Medium Risk
M001694,45.7,Medium Risk
M001695,39.6,High Risk
M001696,34.9,High Risk
M001697,40.1,Medium Risk
M001698,39.0,High Risk
M001699,49.7,Medium Risk
M001700,41.8,Medium Risk
M001701,46.6,Medium Risk
M001702,57.7,Medium Risk
M001703,59.1,Medium Risk
M001704,35.1,High Risk
M001705,32.3,High Risk
M001706,57.8,Medium Risk
M001707,45.0,Medium Risk
M001708,41.0,Medium Risk
M001709,43.8,Medium Risk
M001710,56.1,Medium Risk
M001711,37.7,High Risk
M001712,60.0,Medium Risk
M001713,45.1,Medium Risk
M001714,59.4,Medium Risk
M001715,55.2,Medium Risk
M001716,49.0,Medium Risk
M001717,44.1,Medium Risk
M001718,48.7,Medium Risk
M001719,54.4,Medium Risk
M001720,61.1,Medium Risk
M001721,55.3,Medium Risk
M001722,54.6,Medium Risk
M001723,34.3,High Risk
M001724,46.5,Medium Risk
M001725,39.0,High Risk
M001726,32.5,High Risk
M001727,61.4,Medium Risk
M001728,65.6,Medium Risk
M001729,64.8,Medium Risk
M001730,58.2,Medium Risk
M001731,51.4,Medium Risk
M001732,55.6,Medium Risk
M001733,47.2,Medium Risk
M001734,54.4,Medium Risk
M001735,62.9,Medium Risk
M001736,44.6,Medium Risk
M001737,48.1,Medium Risk
M001738,43.1,Medium Risk
M001739,35.1,High Risk
M001740,36.8,High Risk
M001741,37.1,High Risk
M001742,47.1,Medium Risk
M001743,44.5,Medium Risk
M001744,28.6,High Risk
M001745,51.0,Medium Risk
M001746,55.4,Medium Risk
M001747,42.7,Medium Risk
M001748,45.0,Medium Risk
M001749,45.0,Medium Risk
M001750,50.1,Medium Risk
M001751,36.1,High Risk
M001752,33.2,High Risk
M001753,55.9,Medium Risk
M001754,42.1,Medium Risk
M001755,44.1,Medium Risk
M001756,37.8,High Risk
M001757,36.9,High Risk
M001758,39.8,High Risk
M001759,45.1,Medium Risk
M001760,60.5,Medium Risk
M001761,60.1,Medium Risk
M001762,47.1,Medium Risk
M001763,50.2,Medium Risk
M001764,42.4,Medium Risk
M001765,45.1,Medium Risk
M001766,55.2,Medium Risk
M001767,48.7,Medium Risk
M001768,40.7,Medium Risk
M001769,44.3,Medium Risk
M001770,61.4,Medium Risk
M001771,42.4,Medium Risk
M001772,64.9,Medium Risk
M001773,53.3,Medium Risk
M001774,48.8,Medium Risk
M001775,52.4,Medium Risk
M001776,46.2,Medium Risk
M001777,59.2,Medium Risk
M001778,58.5,Medium Risk
M001779,60.3,Medium Risk
M001780,51.7,Medium Risk
M001781,59.7,Medium Risk
M001782,45.6,Medium Risk
M001783,48.5,Medium Risk
M001784,44.4,Medium Risk
M001785,44.8,Medium Risk
M001786,40.1,Medium Risk
M001787,45.1,Medium Risk
M001788,51.7,Medium Risk
M001789,46.3,Medium Risk
M001790,47.1,Medium Risk
M001791,50.0,Medium Risk
M001792,37.6,High Risk
M001793,50.3,Medium Risk
M001794,60.8,Medium Risk
M001795,58.3,Medium Risk
M001796,41.9,Medium Risk
M001797,57.0,Medium Risk
M001798,42.1,Medium Risk
M001799,55.2,Medium Risk
M001800,59.6,Medium Risk
M001801,39.7,High Risk
M001802,42.6,Medium Risk
M001803,34.8,High Risk
M001804,46.3,Medium Risk
M001805,53.7,Medium Risk
M001806,60.1,Medium Risk
M001807,35.8,High Risk
M001808,43.9,Medium Risk
M001809,43.4,Medium Risk
M001810,60.6,Medium Risk
M001811,55.4,Medium Risk
M001812,53.3,Medium Risk
M001813,57.7,Medium Risk
M001814,56.8,Medium Risk
M001815,43.7,Medium Risk
M001816,58.8,Medium Risk
M001817,33.4,High Risk
M001818,48.8,Medium Risk
M001819,44.3,Medium Risk
M001820,60.9,Medium Risk
M001821,42.9,Medium Risk
M001822,65.1,Medium Risk
M001823,64.1,Medium Risk
M001824,59.2,Medium Risk
M001825,58.7,Medium Risk
M001826,38.3,High Risk
M001827,29.2,High Risk
M001828,67.8,Medium Risk
M001829,37.4,High Risk
M001830,47.5,Medium Risk
M001831,46.9,Medium Risk
M001832,62.8,Medium Risk
M001833,60.0,Medium Risk
M001834,52.7,Medium Risk
M001835,61.4,Medium Risk
M001836,47.8,Medium Risk
M001837,56.3,Medium Risk
M001838,39.4,High Risk
M001839,41.6,Medium Risk
M001840,45.4,Medium Risk
M001841,36.8,High Risk
M001842,58.9,Medium Risk
M001843,60.9,Medium Risk
M001844,48.2,Medium Risk
M001845,44.1,Medium Risk
M001846,40.9,Medium Risk
M001847,59.4,Medium Risk
M001848,34.6,High Risk
M001849,60.6,Medium Risk
M001850,40.9,Medium Risk
M001851,54.0,Medium Risk
M001852,56.0,Medium Risk
M001853,42.8,Medium Risk
M001854,45.6,Medium Risk
M001855,45.9,Medium Risk
M001856,51.7,Medium Risk
M001857,52.4,Medium Risk
M001858,39.8,High Risk
M001859,37.0,High Risk
M001860,52.7,Medium Risk
M001861,60.5,Medium Risk
M001862,47.1,Medium Risk
M001863,60.1,Medium Risk
M001864,41.2,Medium Risk
M001865,59.7,Medium Risk
M001866,38.0,High Risk
M001867,55.5,Medium Risk
M001868,35.1,High Risk
M001869,59.4,Medium Risk
M001870,50.7,Medium Risk
M001871,57.1,Medium Risk
M001872,45.7,Medium Risk
M001873,58.2,Medium Risk
M001874,40.9,Medium Risk
M001875,59.6,Medium Risk
M001876,46.9,Medium Risk
M001877,59.3,Medium Risk
M001878,45.2,Medium Risk
M001879,37.7,High Risk
M001880,45.8,Medium Risk
M001881,42.0,Medium Risk
M001882,59.0,Medium Risk
M001883,56.6,Medium Risk
M001884,45.2,Medium Risk
M001885,40.6,Medium Risk
M001886,44.2,Medium Risk
M001887,47.0,Medium Risk
M001888,47.8,Medium Risk
M001889,40.4,Medium Risk
M001890,52.0,Medium Risk
M001891,42.7,Medium Risk
M001892,56.6,Medium Risk
M001893,45.6,Medium Risk
M001894,52.3,Medium Risk
M001895,49.4,Medium Risk
M001896,56.7,Medium Risk
M001897,60.1,Medium Risk
M001898,46.4,Medium Risk
M001899,60.8,Medium Risk
M001900,37.6,High Risk
M001901,59.0,Medium Risk
M001902,57.2,Medium Risk
M001903,57.1,Medium Risk
M001904,46.3,Medium Risk
M001905,38.4,High Risk
M001906,45.4,Medium Risk
M001907,38.8,High Risk
M001908,40.4,Medium Risk
M001909,54.6,Medium Risk
M001910,51.3,Medium Risk
M001911,60.9,Medium Risk
M001912,60.2,Medium Risk
M001913,46.0,Medium Risk
M001914,39.1,High Risk
M001915,42.5,Medium Risk
M001916,39.6,High Risk
M001917,46.9,Medium Risk
M001918,58.0,Medium Risk
M001919,35.1,High Risk
M001920,58.4,Medium Risk
M001921,41.3,Medium Risk
M001922,48.4,Medium Risk
M001923,43.5,Medium Risk
M001924,55.3,Medium Risk
M001925,53.3,Medium Risk
M001926,60.2,Medium Risk
M001927,58.2,Medium Risk
M001928,42.5,Medium Risk
M001929,62.6,Medium Risk
M001930,49.5,Medium Risk
M001931,52.0,Medium Risk
M001932,44.1,Medium Risk
M001933,50.1,Medium Risk
M001934,58.2,Medium Risk
M001935,39.6,High Risk
M001936,40.1,Medium Risk
M001937,59.8,Medium Risk
M001938,46.3,Medium Risk
M001939,46.8,Medium Risk
M001940,37.6,High Risk
M001941,65.3,Medium Risk
M001942,47.2,Medium Risk
M001943,60.4,Medium Risk
M001944,48.4,Medium Risk
M001945,53.3,Medium Risk
M001946,61.5,Medium Risk
M001947,43.6,Medium Risk
M001948,59.2,Medium Risk
M001949,60.0,Medium Risk
M001950,44.6,Medium Risk
M001951,43.9,Medium Risk
M001952,36.6,High Risk
M001953,53.7,Medium Risk
M001954,34.7,High Risk
M001955,43.3,Medium Risk
M001956,60.5,Medium Risk
M001957,37.1,High Risk
M001958,60.2,Medium Risk
M001959,57.7,Medium Risk
M001960,35.5,High Risk
M001961,41.7,Medium Risk
M001962,45.6,Medium Risk
M001963,35.0,High Risk
M001964,60.1,Medium Risk
M001965,62.5,Medium Risk
M001966,48.6,Medium Risk
M001967,46.1,Medium Risk
M001968,46.3,Medium Risk
M001969,59.2,Medium Risk
M001970,44.0,Medium Risk
M001971,46.0,Medium Risk
M001972,36.9,High Risk
M001973,54.6,Medium Risk
M001974,44.4,Medium Risk
M001975,35.8,High Risk
M001976,52.8,Medium Risk
M001977,34.6,High Risk
M001978,59.3,Medium Risk
M001979,44.0,Medium Risk
M001980,65.4,Medium Risk
M001981,43.9,Medium Risk
M001982,47.6,Medium Risk
M001983,50.6,Medium Risk
M001984,55.8,Medium Risk
M001985,42.2,Medium Risk
M001986,44.2,Medium Risk
M001987,42.4,Medium Risk
M001988,68.4,Medium Risk
M001989,58.2,Medium Risk
M001990,50.5,Medium Risk
M001991,42.2,Medium Risk
M001992,45.3,Medium Risk
M001993,41.6,Medium Risk
M001994,49.3,Medium Risk
M001995,51.9,Medium Risk
M001996,51.2,Medium Risk
M001997,55.2,Medium Risk
M001998,47.6,Medium Risk
M001999,43.5,Medium Risk
M002000,33.6,High Risk
M002001,42.0,Medium Risk
M002002,45.4,Medium Risk
M002003,54.4,Medium Risk
M002004,28.5,High Risk
M002005,47.8,Medium Risk
M002006,66.5,Medium Risk
M002007,47.4,Medium Risk
M002008,35.3,High Risk
M002009,49.1,Medium Risk
M002010,39.8,High Risk
M002011,46.1,Medium Risk
M002012,55.6,Medium Risk
M002013,55.7,Medium Risk
M002014,43.1,Medium Risk
M002015,57.4,Medium Risk
M002016,43.4,Medium Risk
M002017,43.7,Medium Risk
M002018,43.2,Medium Risk
M002019,64.4,Medium Risk
M002020,44.7,Medium Risk
M002021,38.8,High Risk
M002022,46.5,Medium Risk
M002023,59.6,Medium Risk
M002024,66.4,Medium Risk
M002025,56.6,Medium Risk
M002026,42.8,Medium Risk
M002027,60.0,Medium Risk
M002028,39.9,High Risk
M002029,46.5,Medium Risk
M002030,59.3,Medium Risk
M002031,36.9,High Risk
M002032,44.9,Medium Risk
M002033,43.1,Medium Risk
M002034,59.5,Medium Risk
M002035,42.6,Medium Risk
M002036,49.5,Medium Risk
M002037,48.6,Medium Risk
M002038,47.8,Medium Risk
M002039,47.8,Medium Risk
M002040,25.7,High Risk
M002041,57.2,Medium Risk
M002042,51.2,Medium Risk
M002043,40.1,Medium Risk
M002044,53.2,Medium Risk
M002045,46.4,Medium Risk
M002046,35.9,High Risk
M002047,42.4,Medium Risk
M002048,41.1,Medium Risk
M002049,42.6,Medium Risk
M002050,48.9,Medium Risk
M002051,60.6,Medium Risk
M002052,63.6,Medium Risk
M002053,57.0,Medium Risk
M002054,45.2,Medium Risk
M002055,45.0,Medium Risk
M002056,52.6,Medium Risk
M002057,50.0,Medium Risk
M002058,35.2,High Risk
M002059,67.3,Medium Risk
M002060,44.6,Medium Risk
M002061,56.0,Medium Risk
M002062,38.9,High Risk
M002063,56.0,Medium Risk
M002064,60.4,Medium Risk
M002065,57.5,Medium Risk
M002066,37.6,High Risk
M002067,59.7,Medium Risk
M002068,63.6,Medium Risk
M002069,33.6,High Risk
M002070,39.5,High Risk
M002071,53.7,Medium Risk
M002072,55.2,Medium Risk
M002073,52.9,Medium Risk
M002074,45.5,Medium Risk
M002075,55.7,Medium Risk
M002076,50.7,Medium Risk
M002077,43.6,Medium Risk
M002078,45.1,Medium Risk
M002079,60.5,Medium Risk
M002080,49.0,Medium Risk
M002081,44.5,Medium Risk
M002082,60.5,Medium Risk
M002083,46.8,Medium Risk
M002084,60.7,Medium Risk
M002085,47.2,Medium Risk
M002086,48.4,Medium Risk
M002087,63.9,Medium Risk
M002088,62.4,Medium Risk
M002089,54.8,Medium Risk
M002090,38.0,High Risk
M002091,41.2,Medium Risk
M002092,56.8,Medium Risk
M002093,39.9,High Risk
M002094,59.4,Medium Risk
M002095,36.2,High Risk
M002096,60.9,Medium Risk
M002097,44.4,Medium Risk
M002098,54.8,Medium Risk
M002099,38.8,High Risk
M002100,60.3,Medium Risk
M002101,62.3,Medium Risk
M002102,56.0,Medium Risk
M002103,58.4,Medium Risk
M002104,57.6,Medium Risk
M002105,60.2,Medium Risk
M002106,48.7,Medium Risk
M002107,46.9,Medium Risk
M002108,57.3,Medium Risk
M002109,36.4,High Risk
M002110,52.5,Medium Risk
M002111,56.3,Medium Risk
M002112,39.8,High Risk
M002113,37.5,High Risk
M002114,58.7,Medium Risk
M002115,49.6,Medium Risk
M002116,46.7,Medium Risk
M002117,43.5,Medium Risk
M002118,34.9,High Risk
M002119,47.5,Medium Risk
M002120,50.5,Medium Risk
M002121,55.0,Medium Risk
M002122,52.4,Medium Risk
M002123,42.8,Medium Risk
M002124,46.6,Medium Risk
M002125,36.9,High Risk
M002126,36.6,High Risk
M002127,59.4,Medium Risk
M002128,66.8,Medium Risk
M002129,52.6,Medium Risk
M002130,58.8,Medium Risk
M002131,48.2,Medium Risk
M002132,42.6,Medium Risk
M002133,59.8,Medium Risk
M002134,40.6,Medium Risk
M002135,61.7,Medium Risk
M002136,43.0,Medium Risk
M002137,45.1,Medium Risk
M002138,56.3,Medium Risk
M002139,40.7,Medium Risk
M002140,50.3,Medium Risk
M002141,59.6,Medium Risk
M002142,60.1,Medium Risk
M002143,56.2,Medium Risk
M002144,59.6,Medium Risk
M002145,42.5,Medium Risk
M002146,63.1,Medium Risk
M002147,61.0,Medium Risk
M002148,59.3,Medium Risk
M002149,44.5,Medium Risk
M002150,43.7,Medium Risk
M002151,49.9,Medium Risk
M002152,57.0,Medium Risk
M002153,54.4,Medium Risk
M002154,43.7,Medium Risk
M002155,37.2,High Risk
M002156,55.0,Medium Risk
M002157,39.2,High Risk
M002158,58.6,Medium Risk
M002159,56.5,Medium Risk
M002160,45.4,Medium Risk
M002161,46.3,Medium Risk
M002162,56.6,Medium Risk
M002163,45.9,Medium Risk
M002164,45.9,Medium Risk
M002165,43.6,Medium Risk
M002166,45.8,Medium Risk
M002167,44.7,Medium Risk
M002168,57.2,Medium Risk
M002169,38.9,High Risk
M002170,54.9,Medium Risk
M002171,40.5,Medium Risk
M002172,46.1,Medium Risk
M002173,49.6,Medium Risk
M002174,49.0,Medium Risk
M002175,46.1,Medium Risk
M002176,54.8,Medium Risk
M002177,40.9,Medium Risk
M002178,42.9,Medium Risk
M002179,45.6,Medium Risk
M002180,42.8,Medium Risk
M002181,50.2,Medium Risk
M002182,40.8,Medium Risk
M002183,46.4,Medium Risk
M002184,54.7,Medium Risk
M002185,60.5,Medium Risk
M002186,54.9,Medium Risk
M002187,32.9,High Risk
M002188,58.7,Medium Risk
M002189,47.6,Medium Risk
M002190,39.3,High Risk
M002191,45.8,Medium Risk
M002192,55.2,Medium Risk
M002193,66.9,Medium Risk
M002194,59.8,Medium Risk
M002195,38.4,High Risk
M002196,43.6,Medium Risk
M002197,47.8,Medium Risk
M002198,56.5,Medium Risk
M002199,34.8,High Risk
M002200,58.8,Medium Risk
M002201,50.6,Medium Risk
M002202,53.5,Medium Risk
M002203,43.4,Medium Risk
M002204,52.2,Medium Risk
M002205,68.3,Medium Risk
M002206,43.3,Medium Risk
M002207,53.0,Medium Risk
M002208,47.6,Medium Risk
M002209,49.2,Medium Risk
M002210,55.4,Medium Risk
M002211,50.5,Medium Risk
M002212,39.7,High Risk
M002213,61.8,Medium Risk
M002214,46.4,Medium Risk
M002215,58.5,Medium Risk
M002216,44.8,Medium Risk
M002217,61.9,Medium Risk
M002218,45.9,Medium Risk
M002219,53.4,Medium Risk
M002220,56.8,Medium Risk
M002221,59.6,Medium Risk
M002222,52.7,Medium Risk
M002223,43.4,Medium Risk
M002224,36.2,High Risk
M002225,33.6,High Risk
M002226,63.8,Medium Risk
M002227,51.8,Medium Risk
M002228,50.5,Medium Risk
M002229,47.8,Medium Risk
M002230,43.0,Medium Risk
M002231,43.0,Medium Risk
M002232,47.6,Medium Risk
M002233,45.0,Medium Risk
M002234,46.9,Medium Risk
M002235,37.0,High Risk
M002236,56.3,Medium Risk
M002237,41.1,Medium Risk
M002238,46.8,Medium Risk
M002239,46.7,Medium Risk
M002240,50.3,Medium Risk
M002241,45.1,Medium Risk
M002242,43.2,Medium Risk
M002243,44.7,Medium Risk
M002244,49.0,Medium Risk
M002245,50.4,Medium Risk
M002246,45.9,Medium Risk
M002247,56.1,Medium Risk
M002248,46.2,Medium Risk
M002249,41.4,Medium Risk
M002250,36.5,High Risk
M002251,53.1,Medium Risk
M002252,39.4,High Risk
M002253,33.8,High Risk
M002254,44.3,Medium Risk
M002255,29.5,High Risk
M002256,45.3,Medium Risk
M002257,44.9,Medium Risk
M002258,52.2,Medium Risk
M002259,58.2,Medium Risk
M002260,55.2,Medium Risk
M002261,51.1,Medium Risk
M002262,58.3,Medium Risk
M002263,54.3,Medium Risk
M002264,59.2,Medium Risk
M002265,59.3,Medium Risk
M002266,55.5,Medium Risk
M002267,44.7,Medium Risk
M002268,59.9,Medium Risk
M002269,59.4,Medium Risk
M002270,47.3,Medium Risk
M002271,45.8,Medium Risk
M002272,50.7,Medium Risk
M002273,38.2,High Risk
M002274,48.9,Medium Risk
M002275,57.2,Medium Risk
M002276,60.7,Medium Risk
M002277,59.2,Medium Risk
M002278,38.2,High Risk
M002279,39.8,High Risk
M002280,41.2,Medium Risk
M002281,44.3,Medium Risk
M002282,35.3,High Risk
M002283,57.8,Medium Risk
M002284,51.0,Medium Risk
M002285,51.4,Medium Risk
M002286,44.6,Medium Risk
M002287,45.1,Medium Risk
M002288,41.5,Medium Risk
M002289,54.3,Medium Risk
M002290,56.0,Medium Risk
M002291,47.6,Medium Risk
M002292,48.1,Medium Risk
M002293,56.1,Medium Risk
M002294,54.6,Medium Risk
M002295,54.5,Medium Risk
M002296,47.3,Medium Risk
M002297,57.3,Medium Risk
M002298,50.6,Medium Risk
M002299,60.2,Medium Risk
M002300,43.9,Medium Risk
M002301,45.0,Medium Risk
M002302,43.4,Medium Risk
M002303,60.7,Medium Risk
M002304,36.9,High Risk
M002305,58.2,Medium Risk
M002306,61.1,Medium Risk
M002307,60.4,Medium Risk
M002308,42.2,Medium Risk
M002309,45.0,Medium Risk
M002310,39.9,High Risk
M002311,45.7,Medium Risk
M002312,58.9,Medium Risk
M002313,55.9,Medium Risk
M002314,39.0,High Risk
M002315,45.3,Medium Risk
M002316,48.0,Medium Risk
M002317,42.7,Medium Risk
M002318,29.3,High Risk
M002319,43.5,Medium Risk
M002320,49.1,Medium Risk
M002321,60.5,Medium Risk
M002322,51.0,Medium Risk
M002323,51.2,Medium Risk
M002324,59.9,Medium Risk
M002325,50.1,Medium Risk
M002326,42.2,Medium Risk
M002327,56.1,Medium Risk
M002328,47.8,Medium Risk
M002329,45.6,Medium Risk
M002330,55.6,Medium Risk
M002331,64.9,Medium Risk
M002332,39.5,High Risk
M002333,58.1,Medium Risk
M002334,44.3,Medium Risk
M002335,52.0,Medium Risk
M002336,52.6,Medium Risk
M002337,55.0,Medium Risk
M002338,64.0,Medium Risk
M002339,66.1,Medium Risk
M002340,39.7,High Risk
M002341,45.9,Medium Risk
M002342,41.7,Medium Risk
M002343,61.3,Medium Risk
M002344,48.9,Medium Risk
M002345,58.5,Medium Risk
M002346,37.8,High Risk
M002347,46.6,Medium Risk
M002348,45.1,Medium Risk
M002349,36.1,High Risk
M002350,33.8,High Risk
M002351,43.5,Medium Risk
M002352,54.6,Medium Risk
M002353,46.2,Medium Risk
M002354,58.1,Medium Risk
M002355,51.8,Medium Risk
M002356,43.9,Medium Risk
M002357,58.5,Medium Risk
M002358,52.8,Medium Risk
M002359,36.7,High Risk
M002360,43.2,Medium Risk
M002361,56.6,Medium Risk
M002362,56.9,Medium Risk
M002363,44.0,Medium Risk
M002364,49.7,Medium Risk
M002365,43.5,Medium Risk
M002366,45.8,Medium Risk
M002367,44.8,Medium Risk
M002368,43.2,Medium Risk
M002369,42.8,Medium Risk
M002370,42.6,Medium Risk
M002371,49.5,Medium Risk
M002372,55.8,Medium Risk
M002373,59.4,Medium Risk
M002374,45.6,Medium Risk
M002375,44.8,Medium Risk
M002376,48.0,Medium Risk
M002377,58.5,Medium Risk
M002378,39.8,High Risk
M002379,46.0,Medium Risk
M002380,47.0,Medium Risk
M002381,45.9,Medium Risk
M002382,44.1,Medium Risk
M002383,64.1,Medium Risk
M002384,41.8,Medium Risk
M002385,40.4,Medium Risk
M002386,46.1,Medium Risk
M002387,50.4,Medium Risk
M002388,56.1,Medium Risk
M002389,42.9,Medium Risk
M002390,43.1,Medium Risk
M002391,48.7,Medium Risk
M002392,49.4,Medium Risk
M002393,61.0,Medium Risk
M002394,44.7,Medium Risk
M002395,49.0,Medium Risk
M002396,54.9,Medium Risk
M002397,58.7,Medium Risk
M002398,44.0,Medium Risk
M002399,38.4,High Risk
M002400,35.3,High Risk
M002401,61.3,Medium Risk
M002402,54.9,Medium Risk
M002403,41.1,Medium Risk
M002404,60.4,Medium Risk
M002405,55.4,Medium Risk
M002406,44.8,Medium Risk
M002407,63.0,Medium Risk
M002408,53.0,Medium Risk
M002409,45.9,Medium Risk
M002410,60.3,Medium Risk
M002411,46.0,Medium Risk
M002412,40.0,High Risk
M002413,40.3,Medium Risk
M002414,45.3,Medium Risk
M002415,55.2,Medium Risk
M002416,35.6,High Risk
M002417,60.2,Medium Risk
M002418,44.6,Medium Risk
M002419,61.5,Medium Risk
M002420,59.6,Medium Risk
M002421,55.0,Medium Risk
M002422,60.0,Medium Risk
M002423,43.6,Medium Risk
M002424,41.5,Medium Risk
M002425,49.3,Medium Risk
M002426,46.5,Medium Risk
M002427,58.8,Medium Risk
M002428,41.4,Medium Risk
M002429,41.9,Medium Risk
M002430,38.9,High Risk
M002431,40.7,Medium Risk
M002432,44.6,Medium Risk
M002433,49.8,Medium Risk
M002434,49.0,Medium Risk
M002435,36.0,High Risk
M002436,42.5,Medium Risk
M002437,30.0,High Risk
M002438,66.6,Medium Risk
M002439,58.5,Medium Risk
M002440,59.2,Medium Risk
M002441,58.4,Medium Risk
M002442,54.2,Medium Risk
M002443,47.9,Medium Risk
M002444,59.5,Medium Risk
M002445,44.5,Medium Risk
M002446,60.5,Medium Risk
M002447,51.6,Medium Risk
M002448,53.8,Medium Risk
M002449,41.5,Medium Risk
M002450,60.7,Medium Risk
M002451,53.8,Medium Risk
M002452,40.7,Medium Risk
M002453,50.1,Medium Risk
M002454,47.1,Medium Risk
M002455,39.4,High Risk
M002456,54.3,Medium Risk
M002457,33.9,High Risk
M002458,38.9,High Risk
M002459,44.3,Medium Risk
M002460,44.9,Medium Risk
M002461,47.8,Medium Risk
M002462,59.0,Medium Risk
M002463,56.7,Medium Risk
M002464,45.7,Medium Risk
M002465,40.4,Medium Risk
M002466,55.1,Medium Risk
M002467,53.8,Medium Risk
M002468,40.5,Medium Risk
M002469,34.3,High Risk
M002470,40.2,Medium Risk
M002471,49.7,Medium Risk
M002472,34.1,High Risk
M002473,46.3,Medium Risk
M002474,68.0,Medium Risk
M002475,44.7,Medium Risk
M002476,59.5,Medium Risk
M002477,57.2,Medium Risk
M002478,60.2,Medium Risk
M002479,34.6,High Risk
M002480,36.9,High Risk
M002481,45.0,Medium Risk
M002482,38.2,High Risk
M002483,48.0,Medium Risk
M002484,59.3,Medium Risk
M002485,51.0,Medium Risk
M002486,25.1,High Risk
M002487,47.5,Medium Risk
M002488,61.2,Medium Risk
M002489,65.2,Medium Risk
M002490,44.0,Medium Risk
M002491,61.1,Medium Risk
M002492,46.6,Medium Risk
M002493,54.7,Medium Risk
M002494,47.0,Medium Risk
M002495,49.6,Medium Risk
M002496,45.4,Medium Risk
M002497,60.7,Medium Risk
M002498,37.3,High Risk
M002499,49.6,Medium Risk
M002500,52.5,Medium Risk
M002501,53.1,Medium Risk
M002502,47.9,Medium Risk
M002503,53.6,Medium Risk
M002504,55.2,Medium Risk
M002505,45.6,Medium Risk
M002506,47.8,Medium Risk
M002507,60.5,Medium Risk
M002508,61.5,Medium Risk
M002509,52.2,Medium Risk
M002510,51.9,Medium Risk
M002511,49.4,Medium Risk
M002512,44.6,Medium Risk
M002513,45.2,Medium Risk
M002514,26.5,High Risk
M002515,41.0,Medium Risk
M002516,55.3,Medium Risk
M002517,56.9,Medium Risk
M002518,37.6,High Risk
M002519,54.9,Medium Risk
M002520,53.5,Medium Risk
M002521,65.3,Medium Risk
M002522,62.4,Medium Risk
M002523,36.4,High Risk
M002524,36.2,High Risk
M002525,60.0,Medium Risk
M002526,43.5,Medium Risk
M002527,42.7,Medium Risk
M002528,54.8,Medium Risk
M002529,50.5,Medium Risk
M002530,58.9,Medium Risk
M002531,57.2,Medium Risk
M002532,40.8,Medium Risk
M002533,36.9,High Risk
M002534,49.6,Medium Risk
M002535,51.7,Medium Risk
M002536,46.7,Medium Risk
M002537,45.6,Medium Risk
M002538,45.2,Medium Risk
M002539,48.9,Medium Risk
M002540,46.6,Medium Risk
M002541,52.9,Medium Risk
M002542,69.6,Medium Risk
M002543,45.0,Medium Risk
M002544,44.8,Medium Risk
M002545,39.5,High Risk
M002546,60.3,Medium Risk
M002547,55.0,Medium Risk
M002548,50.0,Medium Risk
M002549,46.1,Medium Risk
M002550,59.7,Medium Risk
M002551,59.2,Medium Risk
M002552,40.9,Medium Risk
M002553,56.5,Medium Risk
M002554,62.1,Medium Risk
M002555,56.6,Medium Risk
M002556,38.4,High Risk
M002557,54.4,Medium Risk
M002558,58.9,Medium Risk
M002559,46.5,Medium Risk
M002560,46.7,Medium Risk
M002561,46.3,Medium Risk
M002562,47.3,Medium Risk
M002563,52.0,Medium Risk
M002564,44.3,Medium Risk
M002565,58.8,Medium Risk
M002566,35.5,High Risk
M002567,68.3,Medium Risk
M002568,59.4,Medium Risk
M002569,68.3,Medium Risk
M002570,36.8,High Risk
M002571,60.9,Medium Risk
M002572,36.2,High Risk
M002573,61.1,Medium Risk
M002574,40.0,Medium Risk
M002575,40.2,Medium Risk
M002576,46.0,Medium Risk
M002577,48.2,Medium Risk
M002578,50.1,Medium Risk
M002579,60.9,Medium Risk
M002580,59.6,Medium Risk
M002581,45.2,Medium Risk
M002582,39.1,High Risk
M002583,51.1,Medium Risk
M002584,58.9,Medium Risk
M002585,52.7,Medium Risk
M002586,49.7,Medium Risk
M002587,34.1,High Risk
M002588,43.8,Medium Risk
M002589,50.2,Medium Risk
M002590,36.8,High Risk
M002591,45.1,Medium Risk
M002592,55.7,Medium Risk
M002593,55.8,Medium Risk
M002594,54.9,Medium Risk
M002595,42.7,Medium Risk
M002596,44.4,Medium Risk
M002597,62.7,Medium Risk
M002598,45.6,Medium Risk
M002599,52.6,Medium Risk
M002600,59.8,Medium Risk
M002601,60.9,Medium Risk
M002602,42.6,Medium Risk
M002603,46.0,Medium Risk
M002604,56.4,Medium Risk
M002605,45.0,Medium Risk
M002606,51.3,Medium Risk
M002607,47.8,Medium Risk
M002608,56.5,Medium Risk
M002609,55.0,Medium Risk
M002610,35.8,High Risk
M002611,55.6,Medium Risk
M002612,50.7,Medium Risk
M002613,46.2,Medium Risk
M002614,59.3,Medium Risk
M002615,43.6,Medium Risk
M002616,42.3,Medium Risk
M002617,65.3,Medium Risk
M002618,62.5,Medium Risk
M002619,63.5,Medium Risk
M002620,54.2,Medium Risk
M002621,44.6,Medium Risk
M002622,27.2,High Risk
M002623,56.1,Medium Risk
M002624,49.0,Medium Risk
M002625,52.8,Medium Risk
M002626,60.5,Medium Risk
M002627,46.3,Medium Risk
M002628,58.9,Medium Risk
M002629,52.9,Medium Risk
M002630,40.2,Medium Risk
M002631,54.2,Medium Risk
M002632,48.8,Medium Risk
M002633,55.5,Medium Risk
M002634,57.8,Medium Risk
M002635,41.3,Medium Risk
M002636,54.6,Medium Risk
M002637,43.7,Medium Risk
M002638,47.4,Medium Risk
M002639,50.3,Medium Risk
M002640,61.4,Medium Risk
M002641,45.4,Medium Risk
M002642,45.8,Medium Risk
M002643,59.0,Medium Risk
M002644,51.7,Medium Risk
M002645,38.0,High Risk
M002646,55.5,Medium Risk
M002647,43.0,Medium Risk
M002648,48.0,Medium Risk
M002649,44.8,Medium Risk
M002650,45.7,Medium Risk
M002651,50.1,Medium Risk
M002652,43.9,Medium Risk
M002653,58.5,Medium Risk
M002654,54.7,Medium Risk
M002655,52.9,Medium Risk
M002656,39.8,High Risk
M002657,38.8,High Risk
M002658,54.3,Medium Risk
M002659,64.3,Medium Risk
M002660,48.0,Medium Risk
M002661,58.0,Medium Risk
M002662,46.8,Medium Risk
M002663,61.2,Medium Risk
M002664,52.6,Medium Risk
M002665,55.2,Medium Risk
M002666,59.1,Medium Risk
M002667,53.9,Medium Risk
M002668,49.5,Medium Risk
M002669,38.1,High Risk
M002670,42.6,Medium Risk
M002671,45.5,Medium Risk
M002672,39.3,High Risk
M002673,60.8,Medium Risk
M002674,43.7,Medium Risk
M002675,60.2,Medium Risk
M002676,46.1,Medium Risk
M002677,53.7,Medium Risk
M002678,47.3,Medium Risk
M002679,52.8,Medium Risk
M002680,53.3,Medium Risk
M002681,54.8,Medium Risk
M002682,52.1,Medium Risk
M002683,47.8,Medium Risk
M002684,35.8,High Risk
M002685,44.0,Medium Risk
M002686,50.0,Medium Risk
M002687,42.4,Medium Risk
M002688,45.8,Medium Risk
M002689,59.6,Medium Risk
M002690,48.1,Medium Risk
M002691,40.6,Medium Risk
M002692,38.2,High Risk
M002693,60.8,Medium Risk
M002694,60.8,Medium Risk
M002695,61.1,Medium Risk
M002696,51.1,Medium Risk
M002697,50.7,Medium Risk
M002698,54.8,Medium Risk
M002699,42.7,Medium Risk
M002700,42.7,Medium Risk
M002701,57.5,Medium Risk
M002702,37.4,High Risk
M002703,53.1,Medium Risk
M002704,47.2,Medium Risk
M002705,50.7,Medium Risk
M002706,41.0,Medium Risk
M002707,46.9,Medium Risk
M002708,51.8,Medium Risk
M002709,47.4,Medium Risk
M002710,44.2,Medium Risk
M002711,33.8,High Risk
M002712,52.5,Medium Risk
M002713,53.3,Medium Risk
M002714,41.0,Medium Risk
M002715,60.9,Medium Risk
M002716,49.5,Medium Risk
M002717,43.4,Medium Risk
M002718,47.1,Medium Risk
M002719,51.9,Medium Risk
M002720,45.8,Medium Risk
M002721,47.1,Medium Risk
M002722,59.1,Medium Risk
M002723,59.4,Medium Risk
M002724,55.7,Medium Risk
M002725,42.7,Medium Risk
M002726,52.1,Medium Risk
M002727,62.0,Medium Risk
M002728,67.4,Medium Risk
M002729,47.9,Medium Risk
M002730,41.0,Medium Risk
M002731,53.8,Medium Risk
M002732,61.8,Medium Risk
M002733,46.5,Medium Risk
M002734,50.6,Medium Risk
M002735,45.0,Medium Risk
M002736,46.1,Medium Risk
M002737,59.5,Medium Risk
M002738,59.4,Medium Risk
M002739,56.4,Medium Risk
M002740,43.3,Medium Risk
M002741,43.6,Medium Risk
M002742,59.9,Medium Risk
M002743,52.6,Medium Risk
M002744,51.3,Medium Risk
M002745,46.9,Medium Risk
M002746,53.8,Medium Risk
M002747,60.5,Medium Risk
M002748,37.5,High Risk
M002749,34.0,High Risk
M002750,46.5,Medium Risk
M002751,58.0,Medium Risk
M002752,44.4,Medium Risk
M002753,60.0,Medium Risk
M002754,45.1,Medium Risk
M002755,53.5,Medium Risk
M002756,31.8,High Risk
M002757,33.7,High Risk
M002758,40.1,Medium Risk
M002759,51.3,Medium Risk
M002760,42.5,Medium Risk
M002761,47.5,Medium Risk
M002762,57.4,Medium Risk
M002763,46.8,Medium Risk
M002764,45.6,Medium Risk
M002765,28.0,High Risk
M002766,52.2,Medium Risk
M002767,46.0,Medium Risk
M002768,43.7,Medium Risk
M002769,41.0,Medium Risk
M002770,46.0,Medium Risk
M002771,49.8,Medium Risk
M002772,43.7,Medium Risk
M002773,44.9,Medium Risk
M002774,48.7,Medium Risk
M002775,45.0,Medium Risk
M002776,65.2,Medium Risk
M002777,48.8,Medium Risk
M002778,56.7,Medium Risk
M002779,44.7,Medium Risk
M002780,44.4,Medium Risk
M002781,44.9,Medium Risk
M002782,45.9,Medium Risk
M002783,51.4,Medium Risk
M002784,47.0,Medium Risk
M002785,50.4,Medium Risk
M002786,43.9,Medium Risk
M002787,58.9,Medium Risk
M002788,69.5,Medium Risk
M002789,42.4,Medium Risk
M002790,54.6,Medium Risk
M002791,37.8,High Risk
M002792,53.1,Medium Risk
M002793,66.3,Medium Risk
M002794,48.2,Medium Risk
M002795,36.9,High Risk
M002796,56.1,Medium Risk
M002797,36.4,High Risk
M002798,44.1,Medium Risk
M002799,44.8,Medium Risk
M002800,47.6,Medium Risk
M002801,39.2,High Risk
M002802,48.7,Medium Risk
M002803,42.8,Medium Risk
M002804,46.8,Medium Risk
M002805,59.1,Medium Risk
M002806,51.0,Medium Risk
M002807,44.6,Medium Risk
M002808,39.7,High Risk
M002809,63.9,Medium Risk
M002810,45.8,Medium Risk
M002811,48.8,Medium Risk
M002812,40.2,Medium Risk
M002813,68.1,Medium Risk
M002814,41.5,Medium Risk
M002815,37.2,High Risk
M002816,47.7,Medium Risk
M002817,41.5,Medium Risk
M002818,50.5,Medium Risk
M002819,42.7,Medium Risk
M002820,56.2,Medium Risk
M002821,56.2,Medium Risk
M002822,34.4,High Risk
M002823,39.1,High Risk
M002824,42.6,Medium Risk
M002825,35.0,High Risk
M002826,44.7,Medium Risk
M002827,55.9,Medium Risk
M002828,59.6,Medium Risk
M002829,48.9,Medium Risk
M002830,62.4,Medium Risk
M002831,57.4,Medium Risk
M002832,63.2,Medium Risk
M002833,55.5,Medium Risk
M002834,51.1,Medium Risk
M002835,58.1,Medium Risk
M002836,41.4,Medium Risk
M002837,68.9,Medium Risk
M002838,43.0,Medium Risk
M002839,44.0,Medium Risk
M002840,45.2,Medium Risk
M002841,52.2,Medium Risk
M002842,34.3,High Risk
M002843,53.9,Medium Risk
M002844,55.8,Medium Risk
M002845,55.2,Medium Risk
M002846,47.7,Medium Risk
M002847,41.4,Medium Risk
M002848,60.5,Medium Risk
M002849,54.7,Medium Risk
M002850,45.2,Medium Risk
M002851,37.6,High Risk
M002852,56.9,Medium Risk
M002853,34.8,High Risk
M002854,45.8,Medium Risk
M002855,52.3,Medium Risk
M002856,52.8,Medium Risk
M002857,42.9,Medium Risk
M002858,57.1,Medium Risk
M002859,60.2,Medium Risk
M002860,55.6,Medium Risk
M002861,57.1,Medium Risk
M002862,42.9,Medium Risk
M002863,45.0,Medium Risk
M002864,43.5,Medium Risk
M002865,41.9,Medium Risk
M002866,37.2,High Risk
M002867,41.4,Medium Risk
M002868,58.1,Medium Risk
M002869,45.1,Medium Risk
M002870,46.2,Medium Risk
M002871,44.0,Medium Risk
M002872,42.4,Medium Risk
M002873,60.5,Medium Risk
M002874,42.8,Medium Risk
M002875,46.6,Medium Risk
M002876,43.2,Medium Risk
M002877,58.5,Medium Risk
M002878,35.7,High Risk
M002879,47.1,Medium Risk
M002880,44.4,Medium Risk
M002881,42.2,Medium Risk
M002882,34.6,High Risk
M002883,45.7,Medium Risk
M002884,53.4,Medium Risk
M002885,57.3,Medium Risk
M002886,43.7,Medium Risk
M002887,38.7,High Risk
M002888,60.0,Medium Risk
M002889,52.6,Medium Risk
M002890,45.1,Medium Risk
M002891,44.7,Medium Risk
M002892,56.9,Medium Risk
M002893,51.5,Medium Risk
M002894,44.5,Medium Risk
M002895,51.7,Medium Risk
M002896,59.7,Medium Risk
M002897,40.9,Medium Risk
M002898,61.1,Medium Risk
M002899,59.3,Medium Risk
M002900,36.0,High Risk
M002901,55.6,Medium Risk
M002902,59.2,Medium Risk
M002903,54.9,Medium Risk
M002904,49.0,Medium Risk
M002905,46.7,Medium Risk
M002906,57.6,Medium Risk
M002907,60.6,Medium Risk
M002908,54.7,Medium Risk
M002909,55.5,Medium Risk
M002910,68.1,Medium Risk
M002911,43.5,Medium Risk
M002912,37.3,High Risk
M002913,48.8,Medium Risk
M002914,56.1,Medium Risk
M002915,43.5,Medium Risk
M002916,44.0,Medium Risk
M002917,60.1,Medium Risk
M002918,35.4,High Risk
M002919,58.5,Medium Risk
M002920,57.5,Medium Risk
M002921,43.8,Medium Risk
M002922,57.0,Medium Risk
M002923,57.8,Medium Risk
M002924,56.7,Medium Risk
M002925,46.4,Medium Risk
M002926,37.7,High Risk
M002927,49.0,Medium Risk
M002928,60.5,Medium Risk
M002929,55.8,Medium Risk
M002930,42.1,Medium Risk
M002931,57.2,Medium Risk
M002932,58.4,Medium Risk
M002933,43.9,Medium Risk
M002934,52.8,Medium Risk
M002935,55.8,Medium Risk
M002936,57.7,Medium Risk
M002937,48.3,Medium Risk
M002938,54.9,Medium Risk
M002939,47.8,Medium Risk
M002940,63.3,Medium Risk
M002941,42.8,Medium Risk
M002942,40.1,Medium Risk
M002943,41.4,Medium Risk
M002944,42.2,Medium Risk
M002945,43.1,Medium Risk
M002946,46.1,Medium Risk
M002947,52.7,Medium Risk
M002948,43.6,Medium Risk
M002949,40.5,Medium Risk
M002950,52.3,Medium Risk
M002951,47.9,Medium Risk
M002952,57.2,Medium Risk
M002953,47.9,Medium Risk
M002954,41.2,Medium Risk
M002955,46.4,Medium Risk
M002956,59.4,Medium Risk
M002957,59.2,Medium Risk
M002958,52.0,Medium Risk
M002959,59.4,Medium Risk
M002960,59.0,Medium Risk
M002961,51.2,Medium Risk
M002962,38.9,High Risk
M002963,41.3,Medium Risk
M002964,43.5,Medium Risk
M002965,51.0,Medium Risk
M002966,48.6,Medium Risk
M002967,47.0,Medium Risk
M002968,37.8,High Risk
M002969,40.0,High Risk
M002970,51.5,Medium Risk
M002971,45.6,Medium Risk
M002972,68.3,Medium Risk
M002973,51.4,Medium Risk
M002974,41.5,Medium Risk
M002975,56.9,Medium Risk
M002976,42.9,Medium Risk
M002977,52.1,Medium Risk
M002978,57.0,Medium Risk
M002979,41.9,Medium Risk
M002980,47.4,Medium Risk
M002981,45.5,Medium Risk
M002982,54.8,Medium Risk
M002983,52.3,Medium Risk
M002984,40.9,Medium Risk
M002985,64.7,Medium Risk
M002986,40.9,Medium Risk
M002987,48.2,Medium Risk
M002988,58.6,Medium Risk
M002989,51.2,Medium Risk
M002990,43.6,Medium Risk
M002991,44.2,Medium Risk
M002992,53.7,Medium Risk
M002993,55.5,Medium Risk
M002994,49.9,Medium Risk
M002995,59.7,Medium Risk
M002996,45.7,Medium Risk
M002997,38.5,High Risk
M002998,53.2,Medium Risk
M002999,42.7,Medium Risk
M003000,42.7,Medium Risk
M003001,49.2,Medium Risk
M003002,43.2,Medium Risk
M003003,48.5,Medium Risk
M003004,54.7,Medium Risk
M003005,53.9,Medium Risk
M003006,39.7,High Risk
M003007,44.7,Medium Risk
M003008,38.8,High Risk
M003009,47.6,Medium Risk
M003010,59.4,Medium Risk
M003011,55.5,Medium Risk
M003012,43.9,Medium Risk
M003013,33.8,High Risk
M003014,60.3,Medium Risk
M003015,40.6,Medium Risk
M003016,53.8,Medium Risk
M003017,36.1,High Risk
M003018,58.5,Medium Risk
M003019,56.1,Medium Risk
M003020,57.2,Medium Risk
M003021,57.3,Medium Risk
M003022,58.6,Medium Risk
M003023,45.6,Medium Risk
M003024,52.7,Medium Risk
M003025,40.7,Medium Risk
M003026,60.3,Medium Risk
M003027,58.8,Medium Risk
M003028,56.3,Medium Risk
M003029,45.3,Medium Risk
M003030,58.1,Medium Risk
M003031,57.9,Medium Risk
M003032,53.3,Medium Risk
M003033,33.7,High Risk
M003034,42.9,Medium Risk
M003035,58.4,Medium Risk
M003036,57.1,Medium Risk
M003037,59.0,Medium Risk
M003038,52.2,Medium Risk
M003039,48.9,Medium Risk
M003040,54.4,Medium Risk
M003041,58.4,Medium Risk
M003042,44.4,Medium Risk
M003043,46.0,Medium Risk
M003044,39.3,High Risk
M003045,59.9,Medium Risk
M003046,44.8,Medium Risk
M003047,59.7,Medium Risk
M003048,41.9,Medium Risk
M003049,49.0,Medium Risk
M003050,49.2,Medium Risk
M003051,51.6,Medium Risk
M003052,42.0,Medium Risk
M003053,39.7,High Risk
M003054,59.7,Medium Risk
M003055,59.0,Medium Risk
M003056,47.5,Medium Risk
M003057,54.1,Medium Risk
M003058,59.2,Medium Risk
M003059,60.3,Medium Risk
M003060,50.3,Medium Risk
M003061,52.4,Medium Risk
M003062,42.8,Medium Risk
M003063,54.7,Medium Risk
M003064,66.6,Medium Risk
M003065,36.5,High Risk
M003066,59.1,Medium Risk
M003067,60.0,Medium Risk
M003068,41.2,Medium Risk
M003069,57.9,Medium Risk
M003070,53.2,Medium Risk
M003071,41.5,Medium Risk
M003072,62.1,Medium Risk
M003073,55.5,Medium Risk
M003074,60.9,Medium Risk
M003075,57.7,Medium Risk
M003076,52.3,Medium Risk
M003077,37.7,High Risk
M003078,54.8,Medium Risk
M003079,58.8,Medium Risk
M003080,49.7,Medium Risk
M003081,61.0,Medium Risk
M003082,45.6,Medium Risk
M003083,51.1,Medium Risk
M003084,39.2,High Risk
M003085,44.8,Medium Risk
M003086,37.5,High Risk
M003087,46.8,Medium Risk
M003088,61.6,Medium Risk
M003089,46.4,Medium Risk
M003090,59.9,Medium Risk
M003091,59.0,Medium Risk
M003092,52.0,Medium Risk
M003093,44.8,Medium Risk
M003094,55.7,Medium Risk
M003095,50.7,Medium Risk
M003096,45.6,Medium Risk
M003097,55.9,Medium Risk
M003098,40.1,Medium Risk
M003099,59.2,Medium Risk
M003100,39.3,High Risk
M003101,58.9,Medium Risk
M003102,38.6,High Risk
M003103,68.3,Medium Risk
M003104,39.5,High Risk
M003105,43.7,Medium Risk
M003106,56.4,Medium Risk
M003107,36.2,High Risk
M003108,49.9,Medium Risk
M003109,59.3,Medium Risk
M003110,55.5,Medium Risk
M003111,58.5,Medium Risk
M003112,52.4,Medium Risk
M003113,45.9,Medium Risk
M003114,42.4,Medium Risk
M003115,52.9,Medium Risk
M003116,43.8,Medium Risk
M003117,36.4,High Risk
M003118,61.1,Medium Risk
M003119,45.7,Medium Risk
M003120,55.5,Medium Risk
M003121,42.5,Medium Risk
M003122,40.2,Medium Risk
M003123,42.3,Medium Risk
M003124,43.4,Medium Risk
M003125,42.7,Medium Risk
M003126,48.5,Medium Risk
M003127,38.6,High Risk
M003128,43.6,Medium Risk
M003129,51.3,Medium Risk
M003130,44.4,Medium Risk
M003131,43.0,Medium Risk
M003132,39.1,High Risk
M003133,55.1,Medium Risk
M003134,53.7,Medium Risk
M003135,44.2,Medium Risk
M003136,48.1,Medium Risk
M003137,36.7,High Risk
M003138,44.2,Medium Risk
M003139,56.3,Medium Risk
M003140,56.2,Medium Risk
M003141,46.4,Medium Risk
M003142,56.8,Medium Risk
M003143,42.1,Medium Risk
M003144,45.8,Medium Risk
M003145,42.9,Medium Risk
M003146,54.1,Medium Risk
M003147,59.8,Medium Risk
M003148,55.4,Medium Risk
M003149,38.8,High Risk
M003150,44.1,Medium Risk
M003151,43.3,Medium Risk
M003152,56.2,Medium Risk
M003153,45.7,Medium Risk
M003154,62.3,Medium Risk
M003155,45.9,Medium Risk
M003156,43.3,Medium Risk
M003157,53.0,Medium Risk
M003158,38.9,High Risk
M003159,50.6,Medium Risk
M003160,44.3,Medium Risk
M003161,37.4,High Risk
M003162,42.3,Medium Risk
M003163,41.2,Medium Risk
M003164,47.1,Medium Risk
M003165,59.8,Medium Risk
M003166,45.4,Medium Risk
M003167,56.9,Medium Risk
M003168,45.1,Medium Risk
M003169,47.0,Medium Risk
M003170,49.8,Medium Risk
M003171,48.3,Medium Risk
M003172,52.9,Medium Risk
M003173,36.5,High Risk
M003174,59.2,Medium Risk
M003175,43.4,Medium Risk
M003176,50.7,Medium Risk
M003177,60.3,Medium Risk
M003178,43.0,Medium Risk
M003179,48.0,Medium Risk
M003180,41.7,Medium Risk
M003181,37.3,High Risk
M003182,42.7,Medium Risk
M003183,56.8,Medium Risk
M003184,59.6,Medium Risk
M003185,32.9,High Risk
M003186,44.8,Medium Risk
M003187,47.5,Medium Risk
M003188,51.8,Medium Risk
M003189,59.4,Medium Risk
M003190,59.6,Medium Risk
M003191,57.4,Medium Risk
M003192,44.0,Medium Risk
M003193,60.0,Medium Risk
M003194,60.3,Medium Risk
M003195,52.0,Medium Risk
M003196,51.8,Medium Risk
M003197,49.7,Medium Risk
M003198,39.0,High Risk
M003199,58.2,Medium Risk
M003200,42.1,Medium Risk
M003201,51.1,Medium Risk
M003202,58.4,Medium Risk
M003203,58.7,Medium Risk
M003204,47.4,Medium Risk
M003205,41.3,Medium Risk
M003206,43.6,Medium Risk
M003207,56.0,Medium Risk
M003208,40.5,Medium Risk
M003209,48.5,Medium Risk
M003210,37.9,High Risk
M003211,44.3,Medium Risk
M003212,46.0,Medium Risk
M003213,46.2,Medium Risk
M003214,50.7,Medium Risk
M003215,51.4,Medium Risk
M003216,63.5,Medium Risk
M003217,59.5,Medium Risk
M003218,58.1,Medium Risk
M003219,44.2,Medium Risk
M003220,52.5,Medium Risk
M003221,47.5,Medium Risk
M003222,37.2,High Risk
M003223,43.9,Medium Risk
M003224,36.4,High Risk
M003225,46.6,Medium Risk
M003226,46.3,Medium Risk
M003227,54.7,Medium Risk
M003228,31.6,High Risk
M003229,47.8,Medium Risk
M003230,46.7,Medium Risk
M003231,52.0,Medium Risk
M003232,42.9,Medium Risk
M003233,49.3,Medium Risk
M003234,58.5,Medium Risk
M003235,43.7,Medium Risk
M003236,56.0,Medium Risk
M003237,52.3,Medium Risk
M003238,52.3,Medium Risk
M003239,44.8,Medium Risk
M003240,41.5,Medium Risk
M003241,54.4,Medium Risk
M003242,47.4,Medium Risk
M003243,42.3,Medium Risk
M003244,54.0,Medium Risk
M003245,50.1,Medium Risk
M003246,52.5,Medium Risk
M003247,58.6,Medium Risk
M003248,45.4,Medium Risk
M003249,60.5,Medium Risk
M003250,46.7,Medium Risk
M003251,52.4,Medium Risk
M003252,62.3,Medium Risk
M003253,65.0,Medium Risk
M003254,47.0,Medium Risk
M003255,42.1,Medium Risk
M003256,45.6,Medium Risk
M003257,47.1,Medium Risk
M003258,40.2,Medium Risk
M003259,46.0,Medium Risk
M003260,58.8,Medium Risk
M003261,58.0,Medium Risk
M003262,58.1,Medium Risk
M003263,43.6,Medium Risk
M003264,52.4,Medium Risk
M003265,51.5,Medium Risk
M003266,55.2,Medium Risk
M003267,42.1,Medium Risk
M003268,51.7,Medium Risk
M003269,60.8,Medium Risk
M003270,64.9,Medium Risk
M003271,40.7,Medium Risk
M003272,50.8,Medium Risk
M003273,60.5,Medium Risk
M003274,60.7,Medium Risk
M003275,39.3,High Risk
M003276,37.6,High Risk
M003277,58.9,Medium Risk
M003278,60.7,Medium Risk
M003279,51.7,Medium Risk
M003280,46.4,Medium Risk
M003281,53.8,Medium Risk
M003282,47.5,Medium Risk
M003283,49.0,Medium Risk
M003284,44.3,Medium Risk
M003285,58.5,Medium Risk
M003286,42.5,Medium Risk
M003287,46.6,Medium Risk
M003288,49.2,Medium Risk
M003289,57.4,Medium Risk
M003290,60.7,Medium Risk
M003291,60.7,Medium Risk
M003292,51.6,Medium Risk
M003293,35.3,High Risk
M003294,52.0,Medium Risk
M003295,33.8,High Risk
M003296,52.9,Medium Risk
M003297,44.1,Medium Risk
M003298,42.3,Medium Risk
M003299,56.7,Medium Risk
M003300,47.1,Medium Risk
M003301,58.6,Medium Risk
M003302,31.2,High Risk
M003303,43.8,Medium Risk
M003304,39.1,High Risk
M003305,60.4,Medium Risk
M003306,50.3,Medium Risk
M003307,55.7,Medium Risk
M003308,43.7,Medium Risk
M003309,50.6,Medium Risk
M003310,38.4,High Risk
M003311,56.4,Medium Risk
M003312,56.0,Medium Risk
M003313,45.2,Medium Risk
M003314,34.3,High Risk
M003315,41.9,Medium Risk
M003316,52.7,Medium Risk
M003317,51.5,Medium Risk
M003318,38.2,High Risk
M003319,38.8,High Risk
M003320,49.6,Medium Risk
M003321,38.6,High Risk
M003322,53.6,Medium Risk
M003323,55.5,Medium Risk
M003324,59.9,Medium Risk
M003325,41.7,Medium Risk
M003326,58.7,Medium Risk
M003327,47.6,Medium Risk
M003328,39.3,High Risk
M003329,54.8,Medium Risk
M003330,55.0,Medium Risk
M003331,53.5,Medium Risk
M003332,53.9,Medium Risk
M003333,38.3,High Risk
M003334,56.7,Medium Risk
M003335,40.5,Medium Risk
M003336,60.7,Medium Risk
M003337,41.1,Medium Risk
M003338,46.2,Medium Risk
M003339,32.3,High Risk
M003340,54.3,Medium Risk
M003341,49.3,Medium Risk
M003342,46.1,Medium Risk
M003343,42.9,Medium Risk
M003344,53.0,Medium Risk
M003345,39.7,High Risk
M003346,41.6,Medium Risk
M003347,60.6,Medium Risk
M003348,44.8,Medium Risk
M003349,59.4,Medium Risk
M003350,34.6,High Risk
M003351,61.3,Medium Risk
M003352,69.1,Medium Risk
M003353,38.5,High Risk
M003354,46.4,Medium Risk
M003355,61.3,Medium Risk
M003356,43.5,Medium Risk
M003357,43.9,Medium Risk
M003358,51.5,Medium Risk
M003359,44.0,Medium Risk
M003360,42.4,Medium Risk
M003361,54.4,Medium Risk
M003362,57.5,Medium Risk
M003363,60.6,Medium Risk
M003364,52.7,Medium Risk
M003365,42.0,Medium Risk
M003366,47.0,Medium Risk
M003367,60.4,Medium Risk
M003368,35.1,High Risk
M003369,43.0,Medium Risk
M003370,35.9,High Risk
M003371,55.7,Medium Risk
M003372,53.0,Medium Risk
M003373,48.2,Medium Risk
M003374,37.7,High Risk
M003375,45.7,Medium Risk
M003376,50.3,Medium Risk
M003377,48.9,Medium Risk
M003378,42.4,Medium Risk
M003379,44.9,Medium Risk
M003380,45.0,Medium Risk
M003381,41.8,Medium Risk
M003382,51.9,Medium Risk
M003383,60.0,Medium Risk
M003384,47.1,Medium Risk
M003385,45.3,Medium Risk
M003386,43.9,Medium Risk
M003387,53.7,Medium Risk
M003388,54.4,Medium Risk
M003389,42.7,Medium Risk
M003390,59.7,Medium Risk
M003391,51.0,Medium Risk
M003392,51.2,Medium Risk
M003393,42.1,Medium Risk
M003394,50.8,Medium Risk
M003395,59.4,Medium Risk
M003396,53.1,Medium Risk
M003397,46.0,Medium Risk
M003398,60.7,Medium Risk
M003399,61.7,Medium Risk
M003400,49.7,Medium Risk
M003401,57.4,Medium Risk
M003402,50.4,Medium Risk
M003403,45.3,Medium Risk
M003404,54.7,Medium Risk
M003405,44.9,Medium Risk
M003406,59.4,Medium Risk
M003407,55.5,Medium Risk
M003408,35.4,High Risk
M003409,51.1,Medium Risk
M003410,43.2,Medium Risk
M003411,37.8,High Risk
M003412,45.7,Medium Risk
M003413,47.5,Medium Risk
M003414,58.0,Medium Risk
M003415,50.5,Medium Risk
M003416,49.0,Medium Risk
M003417,39.2,High Risk
M003418,38.7,High Risk
M003419,48.7,Medium Risk
M003420,45.1,Medium Risk
M003421,39.4,High Risk
M003422,35.2,High Risk
M003423,49.3,Medium Risk
M003424,52.1,Medium Risk
M003425,49.5,Medium Risk
M003426,52.7,Medium Risk
M003427,60.4,Medium Risk
M003428,56.1,Medium Risk
M003429,37.7,High Risk
M003430,40.3,Medium Risk
M003431,62.5,Medium Risk
M003432,50.1,Medium Risk
M003433,39.9,High Risk
M003434,43.9,Medium Risk
M003435,50.1,Medium Risk
M003436,58.6,Medium Risk
M003437,43.3,Medium Risk
M003438,56.8,Medium Risk
M003439,57.0,Medium Risk
M003440,43.9,Medium Risk
M003441,41.5,Medium Risk
M003442,25.1,High Risk
M003443,66.0,Medium Risk
M003444,39.1,High Risk
M003445,40.5,Medium Risk
M003446,57.1,Medium Risk
M003447,47.0,Medium Risk
M003448,52.0,Medium Risk
M003449,35.2,High Risk
M003450,44.9,Medium Risk
M003451,62.1,Medium Risk
M003452,57.0,Medium Risk
M003453,51.5,Medium Risk
M003454,45.2,Medium Risk
M003455,38.6,High Risk
M003456,49.3,Medium Risk
M003457,56.6,Medium Risk
M003458,46.4,Medium Risk
M003459,55.2,Medium Risk
M003460,66.8,Medium Risk
M003461,64.8,Medium Risk
M003462,34.6,High Risk
M003463,39.5,High Risk
M003464,44.7,Medium Risk
M003465,60.1,Medium Risk
M003466,46.5,Medium Risk
M003467,60.0,Medium Risk
M003468,44.9,Medium Risk
M003469,41.4,Medium Risk
M003470,43.7,Medium Risk
M003471,49.8,Medium Risk
M003472,59.4,Medium Risk
M003473,48.1,Medium Risk
M003474,41.8,Medium Risk
M003475,60.9,Medium Risk
M003476,52.4,Medium Risk
M003477,45.4,Medium Risk
M003478,57.2,Medium Risk
M003479,35.0,High Risk
M003480,60.3,Medium Risk
M003481,50.9,Medium Risk
M003482,55.4,Medium Risk
M003483,60.9,Medium Risk
M003484,57.6,Medium Risk
M003485,33.3,High Risk
M003486,50.7,Medium Risk
M003487,38.6,High Risk
M003488,53.7,Medium Risk
M003489,54.6,Medium Risk
M003490,33.2,High Risk
M003491,42.5,Medium Risk
M003492,42.5,Medium Risk
M003493,46.1,Medium Risk
M003494,45.5,Medium Risk
M003495,53.5,Medium Risk
M003496,35.7,High Risk
M003497,60.4,Medium Risk
M003498,50.1,Medium Risk
M003499,35.0,High Risk
M003500,44.7,Medium Risk
M003501,45.0,Medium Risk
M003502,52.5,Medium Risk
M003503,41.2,Medium Risk
M003504,46.0,Medium Risk
M003505,41.3,Medium Risk
M003506,60.0,Medium Risk
M003507,52.9,Medium Risk
M003508,38.9,High Risk
M003509,45.9,Medium Risk
M003510,60.1,Medium Risk
M003511,60.6,Medium Risk
M003512,32.3,High Risk
M003513,55.4,Medium Risk
M003514,44.8,Medium Risk
M003515,60.5,Medium Risk
M003516,59.9,Medium Risk
M003517,45.2,Medium Risk
M003518,35.1,High Risk
M003519,43.5,Medium Risk
M003520,57.4,Medium Risk
M003521,49.8,Medium Risk
M003522,45.2,Medium Risk
M003523,49.5,Medium Risk
M003524,60.9,Medium Risk
M003525,47.6,Medium Risk
M003526,45.3,Medium Risk
M003527,39.7,High Risk
M003528,37.2,High Risk
M003529,45.1,Medium Risk
M003530,49.3,Medium Risk
M003531,40.9,Medium Risk
M003532,40.1,Medium Risk
M003533,58.3,Medium Risk
M003534,42.1,Medium Risk
M003535,62.4,Medium Risk
M003536,60.9,Medium Risk
M003537,58.1,Medium Risk
M003538,58.7,Medium Risk
M003539,40.6,Medium Risk
M003540,41.6,Medium Risk
M003541,50.2,Medium Risk
M003542,56.2,Medium Risk
M003543,34.9,High Risk
M003544,57.2,Medium Risk
M003545,51.6,Medium Risk
M003546,42.3,Medium Risk
M003547,57.4,Medium Risk
M003548,64.6,Medium Risk
M003549,37.4,High Risk
M003550,28.0,High Risk
M003551,53.8,Medium Risk
M003552,58.4,Medium Risk
M003553,39.6,High Risk
M003554,55.8,Medium Risk
M003555,50.8,Medium Risk
M003556,62.5,Medium Risk
M003557,44.7,Medium Risk
M003558,46.5,Medium Risk
M003559,55.4,Medium Risk
M003560,58.6,Medium Risk
M003561,42.9,Medium Risk
M003562,44.7,Medium Risk
M003563,42.8,Medium Risk
M003564,60.1,Medium Risk
M003565,58.1,Medium Risk
M003566,57.0,Medium Risk
M003567,45.7,Medium Risk
M003568,41.8,Medium Risk
M003569,43.2,Medium Risk
M003570,39.9,High Risk
M003571,44.4,Medium Risk
M003572,43.6,Medium Risk
M003573,40.0,Medium Risk
M003574,43.6,Medium Risk
M003575,49.5,Medium Risk
M003576,36.5,High Risk
M003577,54.9,Medium Risk
M003578,51.0,Medium Risk
M003579,43.6,Medium Risk
M003580,53.2,Medium Risk
M003581,43.0,Medium Risk
M003582,42.0,Medium Risk
M003583,56.4,Medium Risk
M003584,59.7,Medium Risk
M003585,50.1,Medium Risk
M003586,56.9,Medium Risk
M003587,58.9,Medium Risk
M003588,45.1,Medium Risk
M003589,48.9,Medium Risk
M003590,38.3,High Risk
M003591,54.4,Medium Risk
M003592,68.2,Medium Risk
M003593,43.9,Medium Risk
M003594,50.4,Medium Risk
M003595,60.4,Medium Risk
M003596,60.8,Medium Risk
M003597,61.7,Medium Risk
M003598,53.7,Medium Risk
M003599,37.2,High Risk
M003600,60.5,Medium Risk
M003601,44.9,Medium Risk
M003602,48.2,Medium Risk
M003603,61.9,Medium Risk
M003604,60.4,Medium Risk
M003605,59.0,Medium Risk
M003606,37.2,High Risk
M003607,65.3,Medium Risk
M003608,28.5,High Risk
M003609,48.6,Medium Risk
M003610,57.4,Medium Risk
M003611,45.2,Medium Risk
M003612,42.9,Medium Risk
M003613,44.1,Medium Risk
M003614,41.5,Medium Risk
M003615,37.4,High Risk
M003616,44.1,Medium Risk
M003617,59.4,Medium Risk
M003618,35.8,High Risk
M003619,43.4,Medium Risk
M003620,59.5,Medium Risk
M003621,43.2,Medium Risk
M003622,39.2,High Risk
M003623,52.4,Medium Risk
M003624,41.6,Medium Risk
M003625,35.2,High Risk
M003626,58.1,Medium Risk
M003627,47.2,Medium Risk
M003628,68.3,Medium Risk
M003629,54.5,Medium Risk
M003630,30.5,High Risk
M003631,58.5,Medium Risk
M003632,44.4,Medium Risk
M003633,39.7,High Risk
M003634,60.5,Medium Risk
M003635,47.0,Medium Risk
M003636,45.3,Medium Risk
M003637,33.4,High Risk
M003638,63.1,Medium Risk
M003639,34.6,High Risk
M003640,62.6,Medium Risk
M003641,35.3,High Risk
M003642,45.6,Medium Risk
M003643,62.5,Medium Risk
M003644,43.7,Medium Risk
M003645,44.0,Medium Risk
M003646,44.6,Medium Risk
M003647,45.8,Medium Risk
M003648,52.9,Medium Risk
M003649,37.6,High Risk
M003650,46.1,Medium Risk
M003651,44.7,Medium Risk
M003652,47.2,Medium Risk
M003653,50.9,Medium Risk
M003654,54.9,Medium Risk
M003655,44.1,Medium Risk
M003656,50.4,Medium Risk
M003657,39.3,High Risk
M003658,35.1,High Risk
M003659,60.0,Medium Risk
M003660,44.8,Medium Risk
M003661,47.5,Medium Risk
M003662,48.7,Medium Risk
M003663,37.4,High Risk
M003664,40.5,Medium Risk
M003665,49.9,Medium Risk
M003666,42.8,Medium Risk
M003667,53.3,Medium Risk
M003668,67.7,Medium Risk
M003669,56.9,Medium Risk
M003670,44.8,Medium Risk
M003671,42.9,Medium Risk
M003672,43.4,Medium Risk
M003673,48.3,Medium Risk
M003674,49.7,Medium Risk
M003675,52.5,Medium Risk
M003676,52.4,Medium Risk
M003677,44.4,Medium Risk
M003678,43.0,Medium Risk
M003679,41.4,Medium Risk
M003680,42.6,Medium Risk
M003681,37.1,High Risk
M003682,34.3,High Risk
M003683,52.8,Medium Risk
M003684,41.8,Medium Risk
M003685,41.1,Medium Risk
M003686,54.7,Medium Risk
M003687,43.6,Medium Risk
M003688,58.9,Medium Risk
M003689,60.9,Medium Risk
M003690,60.5,Medium Risk
M003691,44.0,Medium Risk
M003692,46.6,Medium Risk
M003693,43.6,Medium Risk
M003694,55.7,Medium Risk
M003695,37.1,High Risk
M003696,35.2,High Risk
M003697,49.4,Medium Risk
M003698,47.1,Medium Risk
M003699,46.1,Medium Risk
M003700,52.2,Medium Risk
M003701,45.6,Medium Risk
M003702,46.5,Medium Risk
M003703,41.3,Medium Risk
M003704,39.3,High Risk
M003705,42.3,Medium Risk
M003706,53.4,Medium Risk
M003707,43.0,Medium Risk
M003708,58.5,Medium Risk
M003709,39.9,High Risk
M003710,54.5,Medium Risk
M003711,53.1,Medium Risk
M003712,56.6,Medium Risk
M003713,46.2,Medium Risk
M003714,45.3,Medium Risk
M003715,50.6,Medium Risk
M003716,53.3,Medium Risk
M003717,48.6,Medium Risk
M003718,57.7,Medium Risk
M003719,53.9,Medium Risk
M003720,60.5,Medium Risk
M003721,44.8,Medium Risk
M003722,60.5,Medium Risk
M003723,50.9,Medium Risk
M003724,58.1,Medium Risk
M003725,56.4,Medium Risk
M003726,44.7,Medium Risk
M003727,69.4,Medium Risk
M003728,53.4,Medium Risk
M003729,49.2,Medium Risk
M003730,53.3,Medium Risk
M003731,32.1,High Risk
M003732,52.0,Medium Risk
M003733,45.8,Medium Risk
M003734,59.7,Medium Risk
M003735,39.1,High Risk
M003736,57.4,Medium Risk
M003737,35.2,High Risk
M003738,49.2,Medium Risk
M003739,33.9,High Risk
M003740,39.0,High Risk
M003741,43.5,Medium Risk
M003742,40.3,Medium Risk
M003743,39.6,High Risk
M003744,52.8,Medium Risk
M003745,58.9,Medium Risk
M003746,56.7,Medium Risk
M003747,39.4,High Risk
M003748,68.3,Medium Risk
M003749,48.6,Medium Risk
M003750,60.6,Medium Risk
M003751,54.1,Medium Risk
M003752,40.4,Medium Risk
M003753,50.2,Medium Risk
M003754,40.9,Medium Risk
M003755,47.9,Medium Risk
M003756,49.2,Medium Risk
M003757,45.3,Medium Risk
M003758,42.6,Medium Risk
M003759,54.5,Medium Risk
M003760,46.8,Medium Risk
M003761,53.5,Medium Risk
M003762,50.8,Medium Risk
M003763,54.0,Medium Risk
M003764,60.6,Medium Risk
M003765,50.5,Medium Risk
M003766,51.9,Medium Risk
M003767,52.6,Medium Risk
M003768,53.3,Medium Risk
M003769,55.4,Medium Risk
M003770,59.5,Medium Risk
M003771,44.5,Medium Risk
M003772,44.5,Medium Risk
M003773,37.3,High Risk
M003774,43.4,Medium Risk
M003775,47.4,Medium Risk
M003776,60.4,Medium Risk
M003777,44.2,Medium Risk
M003778,40.2,Medium Risk
M003779,60.9,Medium Risk
M003780,60.5,Medium Risk
M003781,46.2,Medium Risk
M003782,42.9,Medium Risk
M003783,43.6,Medium Risk
M003784,51.0,Medium Risk
M003785,40.9,Medium Risk
M003786,61.4,Medium Risk
M003787,55.8,Medium Risk
M003788,37.8,High Risk
M003789,48.6,Medium Risk
M003790,43.6,Medium Risk
M003791,58.9,Medium Risk
M003792,41.4,Medium Risk
M003793,43.9,Medium Risk
M003794,45.2,Medium Risk
M003795,60.2,Medium Risk
M003796,59.1,Medium Risk
M003797,31.4,High Risk
M003798,54.8,Medium Risk
M003799,49.0,Medium Risk
M003800,36.3,High Risk
M003801,53.7,Medium Risk
M003802,37.0,High Risk
M003803,43.7,Medium Risk
M003804,43.7,Medium Risk
M003805,52.5,Medium Risk
M003806,48.8,Medium Risk
M003807,46.7,Medium Risk
M003808,44.9,Medium Risk
M003809,45.3,Medium Risk
M003810,47.0,Medium Risk
M003811,42.4,Medium Risk
M003812,45.1,Medium Risk
M003813,58.2,Medium Risk
M003814,60.3,Medium Risk
M003815,58.3,Medium Risk
M003816,41.2,Medium Risk
M003817,50.9,Medium Risk
M003818,43.0,Medium Risk
M003819,41.1,Medium Risk
M003820,40.4,Medium Risk
M003821,56.8,Medium Risk
M003822,45.1,Medium Risk
M003823,45.2,Medium Risk
M003824,46.0,Medium Risk
M003825,40.5,Medium Risk
M003826,37.2,High Risk
M003827,46.9,Medium Risk
M003828,39.0,High Risk
M003829,46.9,Medium Risk
M003830,46.6,Medium Risk
M003831,39.3,High Risk
M003832,39.9,High Risk
M003833,42.6,Medium Risk
M003834,35.2,High Risk
M003835,55.8,Medium Risk
M003836,42.2,Medium Risk
M003837,54.9,Medium Risk
M003838,51.4,Medium Risk
M003839,52.5,Medium Risk
M003840,71.2,Low Risk
M003841,54.5,Medium Risk
M003842,55.4,Medium Risk
M003843,46.7,Medium Risk
M003844,46.7,Medium Risk
M003845,50.8,Medium Risk
M003846,38.0,High Risk
M003847,47.5,Medium Risk
M003848,45.6,Medium Risk
M003849,60.5,Medium Risk
M003850,41.3,Medium Risk
M003851,45.6,Medium Risk
M003852,44.4,Medium Risk
M003853,41.6,Medium Risk
M003854,42.7,Medium Risk
M003855,41.0,Medium Risk
M003856,44.4,Medium Risk
M003857,64.2,Medium Risk
M003858,29.2,High Risk
M003859,51.4,Medium Risk
M003860,33.6,High Risk
M003861,58.0,Medium Risk
M003862,53.7,Medium Risk
M003863,51.9,Medium Risk
M003864,52.5,Medium Risk
M003865,38.7,High Risk
M003866,54.2,Medium Risk
M003867,65.9,Medium Risk
M003868,53.5,Medium Risk
M003869,55.5,Medium Risk
M003870,53.3,Medium Risk
M003871,55.7,Medium Risk
M003872,43.8,Medium Risk
M003873,29.2,High Risk
M003874,44.4,Medium Risk
M003875,47.0,Medium Risk
M003876,44.8,Medium Risk
M003877,44.4,Medium Risk
M003878,51.5,Medium Risk
M003879,41.3,Medium Risk
M003880,36.6,High Risk
M003881,50.2,Medium Risk
M003882,63.9,Medium Risk
M003883,43.0,Medium Risk
M003884,40.7,Medium Risk
M003885,34.9,High Risk
M003886,60.3,Medium Risk
M003887,42.4,Medium Risk
M003888,43.6,Medium Risk
M003889,42.4,Medium Risk
M003890,62.3,Medium Risk
M003891,48.4,Medium Risk
M003892,38.9,High Risk
M003893,43.4,Medium Risk
M003894,56.2,Medium Risk
M003895,52.5,Medium Risk
M003896,34.7,High Risk
M003897,41.7,Medium Risk
M003898,52.6,Medium Risk
M003899,36.6,High Risk
M003900,49.2,Medium Risk
M003901,51.5,Medium Risk
M003902,43.2,Medium Risk
M003903,62.7,Medium Risk
M003904,47.5,Medium Risk
M003905,51.2,Medium Risk
M003906,38.9,High Risk
M003907,34.9,High Risk
M003908,36.8,High Risk
M003909,36.8,High Risk
M003910,43.4,Medium Risk
M003911,38.5,High Risk
M003912,55.6,Medium Risk
M003913,45.9,Medium Risk
M003914,41.0,Medium Risk
M003915,67.4,Medium Risk
M003916,40.3,Medium Risk
M003917,54.0,Medium Risk
M003918,32.4,High Risk
M003919,56.2,Medium Risk
M003920,59.3,Medium Risk
M003921,46.5,Medium Risk
M003922,34.6,High Risk
M003923,57.5,Medium Risk
M003924,44.4,Medium Risk
M003925,50.4,Medium Risk
M003926,45.3,Medium Risk
M003927,43.3,Medium Risk
M003928,35.9,High Risk
M003929,43.5,Medium Risk
M003930,41.3,Medium Risk
M003931,50.8,Medium Risk
M003932,59.7,Medium Risk
M003933,59.8,Medium Risk
M003934,52.2,Medium Risk
M003935,53.0,Medium Risk
M003936,54.1,Medium Risk
M003937,43.4,Medium Risk
M003938,58.5,Medium Risk
M003939,46.2,Medium Risk
M003940,48.3,Medium Risk
M003941,60.5,Medium Risk
M003942,59.4,Medium Risk
M003943,59.9,Medium Risk
M003944,54.0,Medium Risk
M003945,53.5,Medium Risk
M003946,56.2,Medium Risk
M003947,44.7,Medium Risk
M003948,64.2,Medium Risk
M003949,47.2,Medium Risk
M003950,58.4,Medium Risk
M003951,55.5,Medium Risk
M003952,42.9,Medium Risk
M003953,42.1,Medium Risk
M003954,42.8,Medium Risk
M003955,60.4,Medium Risk
M003956,49.1,Medium Risk
M003957,40.5,Medium Risk
M003958,36.2,High Risk
M003959,59.9,Medium Risk
M003960,26.3,High Risk
M003961,65.3,Medium Risk
M003962,43.5,Medium Risk
M003963,55.4,Medium Risk
M003964,59.6,Medium Risk
M003965,36.9,High Risk
M003966,65.7,Medium Risk
M003967,49.5,Medium Risk
M003968,45.6,Medium Risk
M003969,63.7,Medium Risk
M003970,62.1,Medium Risk
M003971,42.8,Medium Risk
M003972,42.8,Medium Risk
M003973,42.7,Medium Risk
M003974,57.3,Medium Risk
M003975,46.4,Medium Risk
M003976,36.9,High Risk
M003977,30.9,High Risk
M003978,42.2,Medium Risk
M003979,55.2,Medium Risk
M003980,44.7,Medium Risk
M003981,55.0,Medium Risk
M003982,40.1,Medium Risk
M003983,46.5,Medium Risk
M003984,46.7,Medium Risk
M003985,43.5,Medium Risk
M003986,40.4,Medium Risk
M003987,46.2,Medium Risk
M003988,63.1,Medium Risk
M003989,43.8,Medium Risk
M003990,47.0,Medium Risk
M003991,45.6,Medium Risk
M003992,62.2,Medium Risk
M003993,62.5,Medium Risk
M003994,43.9,Medium Risk
M003995,35.0,High Risk
M003996,60.0,Medium Risk
M003997,49.9,Medium Risk
M003998,56.8,Medium Risk
M003999,51.3,Medium Risk
M004000,46.7,Medium Risk
